Instrument,VIAVI MicroNIR Pro
Serial,P-123456
Method,synthetic_test
Date,2026-05-18
,1100.0,1107.0,1114.1,1121.1,1128.1,1135.2,1142.2,1149.2,1156.3,1163.3,1170.4,1177.4,1184.4,1191.5,1198.5,1205.5,1212.6,1219.6,1226.6,1233.7,1240.7,1247.7,1254.8,1261.8,1268.8,1275.9,1282.9,1289.9,1297.0,1304.0,1311.1,1318.1,1325.1,1332.2,1339.2,1346.2,1353.3,1360.3,1367.3,1374.4,1381.4,1388.4,1395.5,1402.5,1409.5,1416.6,1423.6,1430.7,1437.7,1444.7,1451.8,1458.8,1465.8,1472.9,1479.9,1486.9,1494.0,1501.0,1508.0,1515.1,1522.1,1529.1,1536.2,1543.2,1550.3,1557.3,1564.3,1571.4,1578.4,1585.4,1592.5,1599.5,1606.5,1613.6,1620.6,1627.6,1634.7,1641.7,1648.7,1655.8,1662.8,1669.8,1676.9,1683.9,1691.0,1698.0,1705.0,1712.1,1719.1,1726.1,1733.2,1740.2,1747.2,1754.3,1761.3,1768.3,1775.4,1782.4,1789.4,1796.5,1803.5,1810.6,1817.6,1824.6,1831.7,1838.7,1845.7,1852.8,1859.8,1866.8,1873.9,1880.9,1887.9,1895.0,1902.0,1909.0,1916.1,1923.1,1930.2,1937.2,1944.2,1951.3,1958.3,1965.3,1972.4,1979.4,1986.4,1993.5,2000.5,2007.5,2014.6,2021.6,2028.6,2035.7,2042.7,2049.7,2056.8,2063.8,2070.9,2077.9,2084.9,2092.0,2099.0,2106.0,2113.1,2120.1,2127.1,2134.2,2141.2,2148.2,2155.3,2162.3,2169.3,2176.4,2183.4,2190.5,2197.5,2204.5,2211.6,2218.6,2225.6,2232.7,2239.7,2246.7,2253.8,2260.8,2267.8,2274.9,2281.9,2288.9,2296.0,2303.0,2310.1,2317.1,2324.1,2331.2,2338.2,2345.2,2352.3,2359.3,2366.3,2373.4,2380.4,2387.4,2394.5,2401.5,2408.5,2415.6,2422.6,2429.6,2436.7,2443.7,2450.8,2457.8,2464.8,2471.9,2478.9,2485.9,2493.0,2500.0
S000,0.036743,-0.007560,0.023423,0.158412,-0.000733,-0.012728,0.181082,0.098827,-0.134993,0.086855,-0.078861,-0.099968,-0.029148,-0.167146,-0.180305,-0.135973,-0.071707,-0.033217,-0.074394,-0.117314,0.205996,0.085505,-0.037844,-0.115916,-0.032505,0.076239,-0.051892,0.082693,-0.007576,0.002853,0.091959,0.327416,0.181840,0.035604,0.227317,0.024172,0.262325,-0.000349,0.231826,0.251259,0.408982,0.440769,0.386426,0.367934,0.212261,0.284393,0.432121,0.631893,0.471207,0.229988,0.373643,0.373914,0.381885,0.586808,0.569706,0.525723,0.295271,0.318829,0.460292,0.441149,0.156317,0.232487,0.106512,0.088783,0.321441,0.319573,0.156747,0.313668,0.130351,0.140691,0.099215,0.241231,0.053313,0.223201,-0.188007,0.148282,0.009525,-0.052158,0.164897,-0.194525,0.040434,-0.017125,0.162527,-0.027243,-0.022988,-0.147736,0.143841,0.025938,0.021516,0.066727,0.044362,0.172143,-0.020962,0.059624,0.033034,-0.088897,0.248275,0.149152,0.200897,0.246294,0.083831,0.197896,0.284303,0.309732,0.286817,0.421966,0.518770,0.442050,0.498669,0.447146,0.307570,0.472755,0.577458,0.886408,0.530609,0.618568,0.653278,0.584489,0.686429,0.716448,0.742632,0.549805,0.655609,0.514306,0.751445,0.826297,0.432924,0.481097,0.639705,0.512558,0.369114,0.490546,0.299502,0.448574,0.287687,0.538384,0.325782,0.325717,0.286539,0.139412,0.287175,0.366829,-0.008049,0.328834,0.108920,0.154649,0.004286,0.077745,0.104125,0.102282,0.159511,0.111936,-0.005798,0.134653,0.134017,0.083025,0.369932,0.201244,0.057267,0.264482,0.143605,0.327694,0.391505,0.281309,0.500527,0.314700,0.446297,0.527086,0.332924,0.311732,0.298581,0.247774,0.207346,0.268481,0.324530,0.166066,0.249584,0.330193,0.170181,0.367791,0.043221,0.000819,0.006144,0.131432,-0.028442,0.095138,0.034328,-0.038835,-0.030547,-0.207144,-0.086601,0.032185,-0.052012,-0.116585,0.075795,0.029524,-0.163537,0.057447,0.090149,-0.146586
S001,0.011880,0.081904,0.189461,0.079478,-0.204261,-0.062029,0.091714,0.052044,0.024096,0.435676,0.084425,0.076400,0.099556,-0.000177,0.005771,0.066730,-0.093927,-0.018677,-0.037989,0.063798,0.274748,-0.177335,0.128224,-0.114796,-0.036134,0.142033,0.046512,-0.025660,-0.022356,0.128025,0.118479,0.176652,0.090920,0.105531,0.381490,0.264322,0.006833,0.302456,0.197722,0.351175,0.264088,0.313017,0.390008,0.454941,0.245418,0.352476,0.321516,0.305593,0.542271,0.390592,0.250432,0.501149,0.629830,0.493464,0.122523,0.408410,0.542683,0.294806,0.463087,0.330793,0.281967,0.203747,-0.076583,0.047425,0.167585,0.066052,0.307523,0.026440,0.077828,0.088417,0.203342,-0.027874,0.147914,0.101665,0.009858,0.003001,0.111411,0.073702,0.047269,0.017181,0.088062,0.077395,0.193734,-0.161457,0.251239,-0.135366,0.050487,0.157901,0.042155,-0.028003,0.144112,0.023780,0.043348,0.186855,0.114129,0.146979,0.215568,0.144554,0.248390,0.173163,0.116573,0.150355,0.383975,0.330022,0.369733,0.434147,0.544417,0.332559,0.488668,0.354097,0.444735,0.561357,0.631477,0.742072,0.703389,0.463842,0.622373,0.555609,0.622781,0.539057,0.610285,0.582517,0.450009,0.811788,0.407419,0.450367,0.576009,0.677823,0.514057,0.520414,0.461212,0.304077,0.412287,0.333632,0.493011,0.347320,0.206621,0.234142,0.408942,0.218794,0.077880,0.215250,0.174586,0.091723,0.024407,0.120954,0.051137,-0.017615,-0.111475,0.117293,0.158592,0.200405,0.193143,0.016365,0.057106,0.067935,0.092176,0.003136,0.175705,0.083782,0.308104,0.377069,0.217802,0.367432,0.372564,0.238383,0.409566,0.347824,0.347856,0.264073,0.269690,0.326887,0.426804,0.342241,0.507280,0.133786,0.301129,0.162654,0.390331,0.034812,-0.007448,-0.001699,-0.215265,0.006245,-0.053427,0.007516,0.101862,0.133632,0.079682,-0.002483,-0.071582,0.048381,-0.118485,0.192722,0.042474,-0.064167,-0.090364,0.102491,-0.027330,0.096722
S002,-0.163765,-0.089051,0.024923,0.014652,-0.006203,0.009918,-0.123526,-0.025171,0.035302,0.012457,0.117865,-0.051897,-0.201179,0.105460,0.009594,0.060657,0.138685,0.101999,0.063003,-0.032028,0.185269,0.150206,-0.017194,0.087765,0.055479,0.233576,0.011488,0.172077,0.198566,-0.092832,-0.051481,-0.145165,0.113755,0.153107,0.259326,0.243716,0.457370,0.102654,0.127944,0.247196,0.258431,0.335523,0.150207,0.342101,0.222069,0.494822,0.379806,0.269745,0.307694,0.311791,0.353603,0.473173,0.272476,0.435164,0.259029,0.297566,0.407962,0.241440,0.340233,0.244625,0.511479,0.261393,0.163263,0.269974,0.158440,0.052753,0.235777,0.150972,0.013989,0.042388,0.053994,-0.226745,-0.079914,0.239052,0.154258,0.078350,0.013989,0.167238,0.314603,0.144614,-0.082902,-0.074075,-0.123588,0.043657,-0.073246,-0.155135,0.031135,-0.061496,0.297764,0.121834,0.046571,0.268174,0.017502,-0.043118,0.324924,0.128383,-0.044940,0.242055,0.029573,0.078091,0.324665,0.301408,0.121020,0.376882,0.275224,0.343722,0.293374,0.345738,0.390952,0.290260,0.428328,0.409033,0.533172,0.357702,0.495744,0.615211,0.608705,0.542321,0.565311,0.685595,0.414527,0.623178,0.619218,0.546789,0.538642,0.389121,0.334094,0.589115,0.416647,0.345286,0.442723,0.270258,0.329375,0.267602,0.267806,0.298437,0.226733,0.217665,0.292678,0.306673,0.262344,-0.040728,0.175246,0.227763,-0.074846,0.052982,0.181447,0.053974,0.106814,-0.002298,0.076536,0.095982,0.204034,0.124659,0.140034,0.094911,0.071663,0.098312,0.243308,0.092554,0.179529,0.368011,0.342309,0.145638,0.436324,0.265049,0.177437,0.197478,0.135681,0.348503,0.387011,0.432602,0.319114,0.245058,0.326574,-0.037555,0.256242,0.124316,-0.052138,0.231116,0.131438,0.084139,0.167370,0.245770,0.107314,0.006435,0.012788,0.013941,0.149460,-0.076555,-0.006986,-0.122636,0.064399,-0.021798,0.064455,-0.110328,-0.049885,-0.099206,-0.030710,0.007726
S003,0.129192,-0.102584,0.047637,0.146968,0.139649,0.204619,-0.095266,-0.200481,-0.188347,0.162032,0.046988,-0.087567,-0.012837,-0.037562,0.319266,-0.027481,0.049697,0.020269,0.126813,0.045469,-0.017895,-0.021467,0.243410,0.160487,0.234170,0.033832,-0.048373,0.013995,0.111802,0.185666,-0.120195,0.214517,0.034216,0.073351,0.114432,0.024005,0.257468,0.270971,0.074974,0.143178,0.247459,0.517384,0.227228,0.158374,0.262103,0.343610,0.187572,0.376084,0.365299,0.531155,0.657081,0.524566,0.418090,0.237603,0.716849,0.489889,0.387618,0.235228,0.313884,0.317146,0.200673,0.265812,0.260760,0.123001,0.121637,0.136760,0.116757,0.255874,-0.089964,0.315993,0.140240,-0.228645,0.017490,-0.058421,-0.091762,-0.000276,-0.001636,0.215871,0.111484,0.053887,0.098234,-0.084488,0.005406,0.041431,-0.113091,0.032192,-0.098905,-0.047300,0.045156,0.121906,0.007854,0.169283,-0.065427,0.004774,0.253740,0.053564,0.163353,-0.028375,0.329851,0.198093,0.137481,0.339010,0.290692,0.156903,0.161322,0.364556,0.153250,0.568290,0.233209,0.673317,0.379902,0.426520,0.428553,0.569611,0.534557,0.663211,0.601687,0.547963,0.593906,0.602143,0.600664,0.491723,0.519671,0.688860,0.422640,0.603159,0.568054,0.643372,0.496217,0.467901,0.507570,0.389913,0.536415,0.211600,0.370327,0.352997,0.341624,0.374488,0.353373,0.246609,-0.015809,0.097538,0.182688,0.197001,0.237070,0.041238,0.036502,-0.004513,0.010484,-0.088041,-0.016872,-0.042558,0.016280,0.166474,-0.107951,0.331967,0.158684,0.204590,0.031763,0.265384,0.152376,0.236547,0.551254,0.231217,0.382441,0.243780,0.292531,0.537962,0.238181,0.523656,0.385206,0.256708,0.320594,0.335284,0.294372,0.051902,0.097517,0.203768,0.061064,0.154224,0.014626,-0.056271,0.026917,0.080479,0.061771,0.139625,0.068064,0.024643,0.070517,-0.148062,0.017382,0.009803,0.110410,-0.138830,-0.142207,0.071279,-0.031289,0.038495,-0.061112,-0.053213
S004,0.052398,-0.021973,-0.009373,-0.056475,0.020213,0.034057,0.008423,-0.078977,0.082965,-0.053981,-0.027775,-0.061743,0.106104,-0.016041,0.122876,-0.209483,0.082763,0.070437,0.011225,0.053042,-0.035487,0.145658,0.253687,0.069773,0.004114,0.153963,0.180724,0.047293,0.105849,0.083663,0.014306,0.071288,0.123314,0.000318,0.227847,0.295341,0.336795,0.131395,0.358784,0.272585,0.328649,0.463817,0.340527,0.525439,0.429335,0.480427,0.583944,0.779556,0.450864,0.486022,0.452650,0.484151,0.426028,0.628256,0.548268,0.372913,0.327104,0.450035,0.295558,0.407767,0.288803,0.192680,0.439991,0.356610,0.132920,0.188718,0.188137,0.162879,0.205675,0.342816,0.018020,0.039995,-0.098994,-0.006597,0.052485,0.202507,-0.060131,0.045802,0.113631,0.082391,0.367842,-0.035423,-0.015220,0.084512,0.067704,0.202434,0.055060,0.009872,0.103557,0.278202,0.109905,0.154848,0.232399,0.192673,0.319338,0.210873,0.045342,0.256685,0.297715,0.124185,0.356243,0.256221,0.390655,0.560067,0.389007,0.477225,0.289989,0.680603,0.554210,0.821001,0.592573,0.645052,0.622961,0.803666,0.555645,0.728495,0.781078,0.738304,0.526395,0.679044,0.792518,0.630568,0.738970,0.621854,0.837575,0.465570,0.623919,0.688337,0.777674,0.560044,0.583667,0.731150,0.295024,0.250127,0.508376,0.316414,0.318043,0.425980,0.214537,0.238196,0.104909,0.342400,0.317147,0.183064,0.431255,0.029404,0.008098,0.086723,0.094879,0.158826,0.035824,0.101073,-0.102947,0.248964,0.109397,0.285233,0.205998,0.185557,0.178116,0.275736,0.360840,0.444653,0.380621,0.398063,0.333089,0.495277,0.334134,0.589913,0.421369,0.258798,0.400093,0.265773,0.476889,0.253034,0.227100,0.018880,0.098378,-0.000317,0.014925,0.112462,0.209897,0.161014,-0.035400,0.116247,0.040562,-0.165091,0.183782,0.110453,-0.045181,0.036060,-0.059495,-0.152702,-0.067410,-0.116702,-0.105407,-0.006198,0.188117,0.027037,-0.082375,0.000632
S005,0.128730,0.146256,0.005811,-0.021635,0.142718,0.010126,0.080441,0.172427,0.177658,-0.136476,0.152008,0.021023,0.250509,-0.103954,0.134546,-0.010164,-0.088723,-0.001136,-0.082771,0.021885,-0.023774,0.009778,0.082008,0.223666,0.189455,0.104706,0.123860,0.087896,0.092351,-0.105578,0.009311,-0.057816,0.128511,0.213141,0.081277,0.281415,0.016108,0.150531,0.307491,0.453702,0.479508,0.237799,0.499328,0.338548,0.354869,0.462277,0.306504,0.321106,0.577708,0.563944,0.344592,0.455618,0.421925,0.450818,0.262281,0.311012,0.378359,0.442241,0.388338,0.208190,0.302313,-0.021358,0.378657,-0.059374,0.177273,0.028206,0.009195,0.179600,0.024676,0.181943,0.082368,0.101896,0.064573,-0.050307,0.167380,-0.013883,-0.067003,0.035664,0.197757,0.112882,0.022254,0.005134,0.046260,0.280003,0.017527,0.022790,0.106850,0.117365,-0.053213,0.059513,0.079403,0.133038,0.171810,0.040710,0.141889,0.064623,0.129247,-0.042933,0.218370,0.313332,0.259907,0.026237,0.539672,0.326221,0.395566,0.257014,0.365780,0.332860,0.350401,0.610499,0.381381,0.380293,0.536742,0.624298,0.529372,0.575621,0.831384,0.650857,0.658046,0.630687,0.587378,0.807521,0.742258,0.451456,0.644977,0.465096,0.540625,0.416875,0.516692,0.506910,0.407862,0.437718,0.582257,0.434347,0.327668,0.457656,0.391351,0.153103,0.135045,0.269747,0.209597,0.299394,0.124455,0.106026,0.162599,0.144436,0.034438,-0.138438,0.234281,-0.022800,-0.041931,-0.177036,-0.011434,-0.016337,0.149064,0.280830,0.060363,0.345551,0.286536,0.061197,-0.091717,0.440671,0.172979,0.101427,0.415004,0.522786,0.484132,0.468908,0.438941,0.405628,0.422607,0.353054,0.310385,0.299133,0.202591,0.160350,0.029771,0.111348,-0.029371,-0.030407,0.088176,0.113587,0.178599,-0.262759,0.060677,0.186318,-0.099238,-0.013674,0.075778,-0.122564,0.022591,-0.139059,-0.063886,0.041642,-0.224621,0.046235,0.006329,0.061760,0.011638,0.193328
S006,-0.005128,-0.031527,0.077164,0.050461,0.015752,-0.000557,-0.008045,-0.078778,-0.075540,0.170539,-0.166321,-0.033915,-0.085184,0.123039,-0.162628,0.129418,-0.084616,-0.017875,-0.101716,0.197903,-0.105904,-0.018257,0.102988,0.139070,0.031510,0.071220,0.111887,0.110299,0.264931,0.284530,0.011757,0.022226,0.164813,0.454709,0.193202,0.366004,0.414079,0.144901,0.437714,0.444972,0.270299,0.309925,0.280109,0.253942,0.320183,0.237655,0.406793,0.474368,0.522047,0.357079,0.559225,0.639636,0.170389,0.424604,0.518453,0.275708,0.554123,0.401020,0.299757,0.331997,0.331144,0.185475,0.266044,0.117779,0.218056,-0.007255,0.133261,0.001697,0.050037,0.182704,0.163979,0.079007,-0.045471,-0.013988,0.218736,0.079164,0.267177,0.033575,0.068999,0.032247,0.048114,0.092670,0.122705,0.172503,-0.037469,-0.060517,-0.179169,0.078771,-0.034200,-0.130513,0.142190,0.393880,0.030692,0.152078,0.152465,0.104013,0.429694,0.185876,0.233556,0.240071,0.167028,0.383829,0.297440,0.237909,0.403844,0.369063,0.491633,0.458942,0.515911,0.575074,0.601034,0.699768,0.747155,0.718167,0.612489,0.523951,0.495336,0.629169,0.656699,0.605912,0.616350,0.708051,0.625101,0.714794,0.604742,0.493855,0.429055,0.615465,0.385686,0.491095,0.660471,0.578160,0.364927,0.479024,0.400564,0.373398,0.298787,0.276633,0.263146,0.268676,0.173698,0.135817,0.218939,0.276809,0.285281,0.020883,-0.108048,0.184070,-0.111347,0.084582,-0.009611,-0.220912,0.091897,0.125070,0.039965,-0.195639,0.063052,0.168099,0.007055,0.171907,0.184599,0.251806,0.308498,0.236844,0.411727,0.411333,0.347584,0.357534,0.299095,0.179649,0.359266,0.520821,0.177351,0.091059,0.399126,0.175362,0.108164,0.305922,0.080370,0.319515,0.140489,-0.000436,0.207891,-0.041875,-0.064625,0.019949,0.139819,0.193809,-0.003828,-0.053712,-0.060233,-0.068855,0.118462,-0.046089,-0.045486,0.082519,-0.116015,-0.096172,0.119108,-0.101347
S007,-0.131852,0.075090,0.049384,0.101666,0.080348,-0.034163,-0.093790,0.066949,-0.060696,-0.066964,0.043406,0.005653,0.169879,0.249947,0.035445,0.139403,-0.024660,0.016475,0.193438,0.086882,0.042934,0.054285,0.155929,-0.056366,-0.078365,-0.139422,0.255664,-0.029757,0.130624,0.070282,0.094460,0.214906,0.225677,0.198977,0.252852,0.271055,0.176275,0.393123,0.372719,0.442517,0.428825,0.502880,0.424984,0.330843,0.405390,0.384436,0.437285,0.653785,0.627298,0.560598,0.592722,0.782448,0.627180,0.785911,0.546291,0.285733,0.536764,0.465831,0.579950,0.483960,0.382676,0.278247,0.380690,0.200761,0.248421,0.265825,0.425255,0.267657,0.083849,0.181997,0.200869,-0.032299,0.068756,0.149956,-0.032617,0.156747,0.075739,0.067963,0.013317,-0.155457,0.043647,-0.050393,0.165773,0.013552,0.077559,0.158697,-0.059852,-0.163629,-0.144356,0.225799,0.005139,0.282810,0.112956,0.225994,0.388529,0.386820,0.436431,0.412135,0.318606,0.390085,0.395380,0.324115,0.291923,0.460702,0.422821,0.341946,0.636566,0.575074,0.630379,0.733105,0.564118,0.684757,0.623023,0.535359,0.730090,0.621967,0.906417,0.767263,0.673307,0.898853,0.833065,0.904484,0.788931,0.650413,0.703585,0.809811,0.909070,0.788740,0.642762,0.489072,0.576861,0.376801,0.523200,0.489443,0.381421,0.286097,0.501979,0.268968,0.204024,0.033901,0.245397,0.443791,0.412326,0.203760,0.083579,0.154672,0.022726,0.105086,0.216017,0.166461,0.202231,0.137162,0.006454,0.059300,0.003545,0.284999,0.202732,0.077942,0.248393,0.220329,0.199471,0.222408,0.057336,0.394548,0.422956,0.396861,0.373872,0.455187,0.319331,0.512488,0.523251,0.226000,0.379544,0.201130,0.328107,0.302965,0.073427,0.350190,0.066003,0.110622,0.111036,0.143419,0.065995,-0.041257,0.038015,0.060969,0.159245,0.064802,-0.000516,-0.002916,0.017346,-0.271646,0.093813,0.100171,-0.238291,-0.113282,0.051595,0.236266,0.020490,-0.074346
S008,0.057219,-0.010803,-0.039034,-0.043934,0.009214,-0.098377,0.022943,0.212157,0.107409,-0.039515,-0.014813,-0.071010,-0.016034,-0.039809,0.058521,0.378241,0.061606,-0.090355,-0.077418,0.097137,0.103704,-0.156472,0.120357,-0.075656,0.264805,0.124024,0.002205,0.105956,-0.000214,0.172488,0.083762,0.138465,-0.031722,0.218063,0.143199,0.139230,0.070182,0.239201,0.425776,0.172423,0.417744,0.486406,0.414951,0.455335,0.353256,0.323367,0.400648,0.609577,0.543622,0.804956,0.590921,0.465235,0.444263,0.354521,0.430300,0.321334,0.432859,0.433474,0.282279,0.475083,0.354430,0.347113,0.070537,0.209687,0.301351,0.215959,0.122236,0.090522,0.311673,0.167572,0.128667,0.059973,0.060234,-0.115944,0.231228,-0.025095,0.117426,0.272832,0.119350,-0.065225,0.049539,-0.040216,0.009710,0.028237,-0.057615,0.224689,-0.027985,0.096681,0.034424,0.162836,0.182019,0.030808,0.149167,-0.025477,0.126023,0.438925,0.004511,0.124637,0.257368,0.241505,0.282779,0.321074,0.410826,0.471610,0.419149,0.208734,0.494192,0.546309,0.484794,0.467829,0.580638,0.514363,0.313767,0.727005,0.548911,0.689728,0.678186,0.664498,0.713665,0.639514,0.606272,0.616673,0.702139,0.719949,0.506714,0.651109,0.523540,0.583516,0.475436,0.731585,0.493080,0.448892,0.496908,0.342907,0.387518,0.186654,0.202108,0.149610,0.363994,0.388867,0.122707,0.163852,0.132212,0.290526,0.019547,0.208530,0.292667,0.186824,0.034061,0.260244,-0.111874,0.146005,0.078758,-0.128465,0.047836,0.201097,0.190124,0.157638,0.321139,0.319139,0.352453,0.295410,0.283636,0.111723,0.228868,0.271183,0.630138,0.393421,0.340521,0.355314,0.340107,0.578973,0.277137,0.334001,0.219360,0.106851,0.131577,0.186349,0.059082,-0.035488,-0.021728,0.117839,-0.157457,0.153622,0.119008,-0.126693,-0.058333,-0.059763,0.010680,0.107377,-0.163149,-0.066958,-0.087131,0.068759,0.020601,-0.057786,0.061991,-0.074301,0.137552,-0.046622
S009,0.228555,-0.032329,-0.067188,-0.156696,-0.128496,-0.223673,-0.087112,0.040672,-0.134039,0.098017,0.014532,0.038211,0.135265,-0.023605,-0.034772,-0.032538,-0.228029,-0.061763,0.011166,-0.135207,0.036074,0.112158,-0.002987,-0.086714,0.056094,-0.015289,-0.029787,0.238408,0.162649,0.096759,0.213548,0.122191,0.240940,0.139227,0.140800,0.259177,0.166641,0.274438,0.324895,0.316026,0.353240,0.226878,0.385278,0.510734,0.496292,0.386229,0.640944,0.414386,0.625108,0.695742,0.442277,0.712938,0.403220,0.610116,0.598895,0.443718,0.528959,0.477920,0.485346,0.360968,0.241394,0.371180,0.376796,0.234767,0.410020,-0.031254,0.268516,0.285767,0.057166,0.026502,-0.002275,0.041393,-0.001523,0.163046,0.231315,0.234476,0.018306,-0.005449,-0.096234,-0.031289,0.135848,0.163765,-0.114091,-0.018715,0.160091,0.088985,-0.059148,0.060963,-0.002600,0.187437,0.126839,0.151887,0.058823,0.140388,0.187785,0.111913,0.141779,0.466431,0.354504,0.286295,0.413949,0.324370,0.583978,0.436841,0.448370,0.435388,0.297810,0.356137,0.505248,0.478697,0.774897,0.723206,0.697911,0.724680,0.608998,0.703095,0.631470,0.753989,0.754060,0.728089,0.514974,0.794130,0.612361,0.775553,0.945556,0.701217,0.460883,0.506693,0.767545,0.739275,0.414655,0.563650,0.442653,0.410207,0.731171,0.202854,0.434457,0.518137,0.370858,0.294728,0.175564,0.190032,0.278280,0.197736,0.240764,0.163004,0.303463,0.206436,0.198071,0.024534,-0.101665,0.171917,0.025961,-0.025456,0.045222,0.301887,-0.077201,0.431347,0.356972,0.152321,0.235989,0.319591,0.381082,0.434899,0.477002,0.422411,0.394694,0.407147,0.393980,0.589621,0.448516,0.147050,0.436437,0.329850,0.329082,0.187111,0.369209,0.294404,0.048650,0.192970,0.029832,-0.002688,0.044562,0.154788,0.071121,0.196832,0.018574,0.110284,-0.035009,-0.010494,0.077089,0.073571,0.185469,0.035960,0.022525,-0.009507,0.084248,-0.141619,0.000090,-0.079533
S010,-0.072380,0.026097,0.004403,-0.018104,-0.156440,0.038012,0.051332,-0.104386,0.120344,0.150175,-0.105409,-0.107628,-0.083110,-0.079054,0.018327,0.065513,-0.020354,-0.177510,0.045830,-0.176086,-0.006287,0.061168,0.197694,-0.088277,-0.242331,0.052936,0.266868,0.272255,0.144359,0.095212,0.216925,-0.031495,0.157795,0.258858,0.315890,0.534712,0.387399,0.278264,0.382346,0.179050,0.270366,0.364570,0.342649,0.553549,0.440476,0.641349,0.581853,0.431338,0.539250,0.497891,0.631113,0.443495,0.505735,0.508170,0.444740,0.381590,0.459987,0.543704,0.366596,0.367944,0.443497,0.378642,0.369815,0.210097,0.270314,0.266534,-0.039866,0.144828,0.319449,0.263251,0.188033,0.246871,0.076345,0.127332,0.007912,0.045006,0.069126,0.119405,0.069477,-0.015362,0.046760,0.077381,-0.065482,-0.223410,-0.021359,-0.037162,0.059868,0.018822,0.121584,0.240410,0.072107,0.153718,0.163545,0.045217,0.257789,0.172501,0.219893,0.164496,0.034391,0.300876,0.358930,0.322549,0.258819,0.542706,0.362185,0.665173,0.387320,0.534727,0.414077,0.635384,0.622240,0.573078,0.710410,0.546903,0.794598,0.716838,0.691216,0.666940,0.488023,0.784581,1.021074,0.845162,0.831969,0.751293,0.697241,0.761747,0.568298,0.781790,0.837920,0.702326,0.524178,0.525829,0.489646,0.529090,0.318846,0.320016,0.322874,0.531308,0.202741,0.165619,0.280432,0.178041,0.260826,0.315264,0.171751,0.282188,-0.093938,-0.005305,0.123198,-0.009094,0.090785,0.298614,0.130833,0.146738,-0.051211,0.068811,0.060550,0.132923,0.336090,0.362208,0.079571,0.339952,0.449939,0.510977,0.588097,0.340418,0.413867,0.259664,0.348481,0.480365,0.409441,0.450113,0.396560,0.327775,0.196042,0.465978,0.065272,0.212627,0.385020,0.117069,0.127181,0.063451,0.010159,0.247741,-0.257118,0.171680,-0.077910,-0.051688,-0.019921,0.091011,-0.199597,0.044659,0.195896,-0.163114,0.134529,-0.104074,0.092997,-0.017634,-0.118430,0.053956
S011,0.212921,0.026981,0.150156,0.018031,-0.082981,0.014281,0.171330,0.022634,0.015524,-0.064198,-0.005626,0.104606,0.005850,-0.078237,-0.002993,0.089618,-0.101794,0.036138,0.121717,-0.017567,0.034428,-0.073949,0.021942,0.017422,-0.060584,0.205656,0.148415,-0.037963,-0.215593,0.194239,0.022890,0.134997,-0.054481,0.292410,0.040227,0.280152,0.231323,0.083951,0.325492,0.332395,0.354402,0.430971,0.546742,0.250528,0.569275,0.351194,0.318903,0.272564,0.401881,0.475157,0.492628,0.677681,0.344249,0.493519,0.276410,0.408330,0.435987,0.356723,0.096219,0.338752,0.407743,0.336154,0.333251,0.086906,0.307274,0.354507,0.012064,0.269653,0.156151,0.122254,0.086339,-0.033951,-0.018290,0.099674,0.032664,-0.044753,0.163600,-0.094358,0.127339,0.114934,-0.245012,-0.061778,0.194681,-0.054455,-0.073157,-0.037990,0.102614,0.020174,-0.047566,0.214424,0.274122,0.217490,-0.010714,-0.034148,0.029351,0.225128,0.228616,0.345499,0.248392,0.057876,0.316572,0.210684,0.212856,0.390730,0.559627,0.685166,0.431070,0.343720,0.476960,0.553427,0.354807,0.697735,0.618363,0.646351,0.626835,0.643920,0.667183,0.565644,0.646964,0.566992,0.698261,0.678110,0.701674,0.692089,0.583573,0.677936,0.492422,0.539861,0.607952,0.575719,0.473688,0.395928,0.230510,0.365264,0.468761,0.310587,0.390805,0.335806,0.264025,0.295824,0.255931,0.222547,0.207625,0.102901,-0.089755,0.165756,0.037311,0.009414,0.221471,0.153995,0.250746,0.098576,0.109936,-0.064118,0.298546,0.117448,0.011618,0.123290,0.016782,0.257370,0.096630,0.137130,0.000823,0.410143,0.297821,0.449195,0.256378,0.095700,0.328733,0.442629,0.339018,0.299444,0.392232,0.315918,0.328614,0.366712,0.211001,0.012505,0.037496,0.051258,-0.076437,0.010408,0.066239,0.000507,-0.006358,-0.052828,-0.021810,-0.096975,0.162642,0.184507,-0.262468,-0.074882,-0.187440,-0.076768,0.007508,-0.155372,-0.080531,-0.066673,0.035497,-0.025385
S012,-0.103596,-0.054247,-0.097283,0.071055,0.127912,0.074614,-0.113628,0.077921,0.072006,-0.043486,0.110546,0.128936,-0.131271,-0.113935,0.149401,0.016861,-0.027839,0.040270,-0.026711,-0.009338,0.074261,0.131200,0.017759,0.015526,-0.125585,0.123607,0.195145,0.105925,0.273980,0.017530,0.193104,0.045958,0.176608,0.235819,0.220632,0.178091,0.276285,0.284777,0.264488,0.181727,0.506833,0.596913,0.250318,0.519785,0.444629,0.594191,0.545777,0.553405,0.495995,0.481701,0.399543,0.387573,0.533802,0.425227,0.623135,0.676636,0.402055,0.411492,0.495051,0.388426,0.333355,0.360020,0.347017,0.211847,0.335937,0.289130,0.044642,0.204964,0.180975,0.116602,0.203196,0.375831,-0.003046,-0.069851,0.115491,0.229699,0.066568,0.180734,-0.097773,0.076472,-0.075828,0.176683,0.194405,-0.007620,-0.068286,0.197953,0.050608,0.055910,0.071062,-0.140812,0.103144,0.090012,0.035274,0.204258,0.064585,0.272833,0.113316,0.156186,0.282154,0.270640,0.341962,0.414086,0.295541,0.293586,0.304914,0.383225,0.769048,0.704656,0.444234,0.372853,0.688374,0.726656,0.700389,0.590162,0.698734,0.760729,0.695029,0.458765,0.733016,0.666973,0.760048,1.053600,0.733004,0.686860,0.843936,0.737786,0.644400,0.699353,0.788422,0.508522,0.641901,0.372090,0.609334,0.335972,0.487088,0.386456,0.421629,0.389778,0.217478,0.281350,0.191760,0.195984,0.159832,0.165727,0.486222,0.210383,-0.081370,0.090995,0.154188,0.380138,-0.104993,0.052395,0.353259,0.096876,0.021248,0.212158,-0.084755,0.185284,0.285612,0.307430,0.134925,0.280686,0.274455,0.400641,0.311071,0.408993,0.225295,0.517746,0.535278,0.491393,0.343621,0.326774,0.339083,0.351670,0.642163,0.175903,0.388518,0.298456,0.157700,0.298700,0.099859,0.113120,-0.063917,0.187245,0.135347,-0.056572,-0.104895,-0.080913,0.023940,-0.006532,0.119674,-0.091947,-0.001802,0.075936,0.137111,-0.181689,-0.033190,0.003292,0.047550,-0.059215
S013,-0.199411,0.114467,-0.047985,-0.038234,-0.002392,-0.041039,-0.149895,-0.150809,0.158326,0.060071,0.141835,-0.093009,-0.009892,0.083052,0.131038,0.104555,-0.043039,0.047706,0.036873,0.157022,0.043271,0.084743,0.018032,0.143825,0.090133,-0.050863,0.227506,0.062955,0.038256,0.062614,0.135741,0.178835,0.102996,0.234678,0.412969,0.368784,0.335558,0.397312,0.242911,0.399117,0.595826,0.308069,0.306220,0.474922,0.251620,0.418159,0.542035,0.388500,0.524400,0.645064,0.440996,0.699723,0.555823,0.686068,0.517882,0.572809,0.294033,0.511364,0.430444,0.475449,0.198249,0.209082,0.393097,0.231139,0.266246,0.020734,0.447645,0.090682,0.194595,0.238586,0.038498,0.199773,0.118008,0.022374,-0.045290,-0.216073,0.177416,-0.163442,-0.022289,-0.003332,0.052323,-0.000183,0.035439,0.159582,0.114751,0.061982,0.101484,-0.073325,0.056772,0.169344,-0.082878,0.182916,0.096420,0.114819,0.151052,0.288150,0.420473,0.138162,0.232529,0.482861,0.401519,0.427929,0.580282,0.497070,0.551379,0.525253,0.515146,0.506865,0.450992,0.854626,0.477345,0.810352,0.634824,0.535329,0.773677,0.482146,0.839570,0.833560,0.764423,0.849516,0.934771,0.717781,0.659896,0.924227,0.927104,0.721807,0.779730,0.806812,0.631344,0.596253,0.740765,0.756126,0.568013,0.414768,0.598444,0.431653,0.216389,0.387375,0.539360,0.314678,0.330885,0.255161,0.203911,0.298033,-0.069296,0.023249,0.112983,0.056717,0.172044,0.168614,0.355087,0.232740,0.172020,0.084564,0.052292,0.045005,0.047273,0.168484,0.158220,0.234183,0.307978,0.215819,0.367848,0.208409,0.403521,0.478870,0.407616,0.496775,0.461383,0.399610,0.407054,0.358195,0.377848,0.148965,0.254050,0.259751,0.141589,0.226980,0.220281,0.136930,0.196243,0.044101,-0.089005,-0.036386,-0.008550,-0.085624,-0.037888,-0.173479,0.008880,-0.010425,0.054684,0.014939,-0.015189,-0.145852,-0.053415,-0.114528,0.077206,-0.160580,-0.078067,-0.028222
S014,0.032496,0.260259,0.142912,-0.098473,0.081313,-0.235936,-0.086428,-0.138901,0.151563,0.033631,-0.049720,-0.085141,0.117376,-0.120119,0.222600,0.097063,0.054592,-0.025550,0.131104,-0.205550,0.014443,0.031410,0.009997,-0.095810,0.048037,0.223029,0.203560,0.002084,0.181993,0.059766,-0.052694,0.034313,0.234436,0.068756,0.048692,0.217636,0.462626,0.460509,0.518365,0.184143,0.310231,0.213480,0.534587,0.274124,0.462072,0.330285,0.401267,0.349995,0.462162,0.403001,0.358020,0.521392,0.342295,0.532068,0.566844,0.370414,0.278078,0.407568,0.453974,0.358916,0.340407,0.367902,0.076951,0.223115,0.256648,0.104118,0.121868,0.065932,0.194996,0.203230,0.123151,0.273659,-0.149347,0.021744,0.055201,-0.058095,-0.095515,-0.086026,0.004005,0.030894,-0.221466,-0.312535,-0.008782,0.075815,-0.172072,0.008512,-0.081120,0.079560,-0.014288,0.076467,0.141254,-0.121620,0.238709,0.075279,0.235334,0.582681,-0.136050,0.432616,0.192119,0.288062,0.216727,0.311789,0.201073,0.419585,0.262588,0.428190,0.488006,0.357405,0.474365,0.563006,0.591795,0.538352,0.564362,0.632632,0.662154,0.864183,0.686177,0.665088,0.732369,0.852858,0.551908,0.821481,0.567838,0.612442,0.670165,0.603707,0.604256,0.615402,0.707469,0.674557,0.583833,0.447185,0.421593,0.559808,0.523021,0.457404,0.305291,0.245040,0.057203,0.216715,0.289504,0.204788,0.294981,0.055889,0.142594,-0.052845,0.105509,-0.168992,0.066014,-0.103841,0.268851,0.043249,0.190037,0.210762,-0.004724,0.254686,0.293044,0.057853,0.281272,0.110039,0.060726,0.147456,0.224418,0.163522,0.420692,0.316871,0.443255,0.309876,0.257117,0.356145,0.111861,0.435411,0.151194,0.425078,0.264343,0.291934,0.304420,0.066673,0.181520,0.179801,0.103898,0.311589,0.131062,0.120123,-0.097300,-0.077790,-0.027525,0.035655,-0.080944,0.216895,0.162788,0.123826,0.111828,0.022188,-0.001639,-0.023477,0.061010,-0.057170,-0.011355,-0.039781
S015,-0.103855,-0.134748,-0.108351,0.265262,0.115629,-0.111750,0.046588,-0.176279,0.122889,0.032597,0.003547,0.242258,-0.171825,-0.138311,-0.073856,0.053727,-0.154185,-0.255361,-0.009937,0.175116,0.157678,0.029282,-0.015329,0.227082,-0.033008,0.029087,0.019330,0.077236,0.034090,0.109919,-0.116080,0.070720,0.176445,0.019364,0.195365,0.328051,0.229563,0.279567,0.214419,0.243562,0.341712,0.307110,0.285546,0.371996,0.520906,0.176391,0.494460,0.492849,0.456862,0.568528,0.327380,0.311648,0.466442,0.377884,0.663690,0.277776,0.329540,0.383223,0.232823,0.205332,0.331880,0.166525,0.256217,0.065096,-0.042108,0.253368,0.307931,0.093039,0.208919,0.192299,0.008698,0.240945,0.221782,0.190634,0.063189,0.221018,0.031429,0.111717,0.068243,-0.050345,0.100072,0.039032,-0.151872,-0.205785,0.066659,0.042996,-0.030353,0.217087,-0.140799,0.139175,-0.086169,0.160608,0.079914,0.176717,0.018550,0.227311,0.294423,0.230010,0.188052,0.333480,0.167504,0.354098,0.427557,0.446711,0.288686,0.451672,0.238605,0.457389,0.533372,0.299205,0.335869,0.556770,0.425472,0.477524,0.551466,0.709401,0.504806,0.592192,0.716712,0.765883,0.579280,0.585387,0.612551,0.522790,0.605883,0.561301,0.335523,0.820347,0.474268,0.508943,0.430458,0.465320,0.277436,0.597549,0.359333,0.482663,0.378656,0.197181,0.322582,0.156437,0.287107,-0.009272,0.143852,0.218567,0.141072,0.230364,0.082809,0.027077,0.034938,-0.046302,0.135049,-0.051756,-0.265706,-0.032430,0.050174,-0.034181,0.028666,0.172279,0.295297,0.283491,0.115085,0.285394,0.253956,0.153532,0.352097,0.158390,0.314336,0.432736,0.391286,0.309765,0.249087,0.304585,0.136351,0.372587,0.161974,0.195662,0.027189,0.031692,0.274958,0.224023,0.222481,0.105945,-0.011011,0.173551,-0.046514,0.085944,-0.135999,0.129605,0.015114,0.195449,-0.019342,0.149652,0.294714,-0.017899,-0.261256,-0.141723,0.106677,-0.175444,-0.123702,0.004915
S016,-0.039788,-0.058154,0.022158,0.088103,0.036188,-0.075919,-0.012270,0.004994,0.064132,0.050788,0.074062,-0.137397,0.157865,0.143349,0.169919,0.201821,-0.135523,-0.017491,-0.032670,0.081029,-0.104593,0.104726,0.220568,0.157529,0.055186,-0.013191,-0.037473,0.194813,0.135214,0.082430,0.136865,-0.068458,0.048811,0.289195,0.049726,0.224303,0.302038,0.144534,0.292679,0.420334,0.356476,0.614094,0.212954,0.532544,0.485675,0.552155,0.488602,0.436359,0.606598,0.363207,0.591838,0.567319,0.630352,0.643680,0.535356,0.521543,0.291408,0.265222,0.514164,0.509367,0.285015,0.355157,0.098860,0.346565,0.272608,0.317941,0.169153,0.054602,0.133854,0.231691,0.115703,-0.052589,0.199335,0.152388,0.081220,0.203967,0.151750,0.007413,0.003943,0.044998,0.012189,0.033821,-0.155783,0.196968,-0.236903,0.256171,0.017543,0.055492,-0.040897,0.006449,0.250396,-0.032925,0.288499,0.223256,0.012978,0.024420,0.310820,0.085071,0.009382,0.329593,0.284022,0.202890,0.361988,0.278396,0.501889,0.499659,0.407721,0.489933,0.639302,0.563446,0.494578,0.684725,0.862941,0.529753,0.594563,0.677220,0.605281,0.647327,0.805990,0.875363,0.683616,0.567742,0.541499,0.762845,0.762928,0.588131,0.624115,0.545191,0.467419,0.614093,0.636838,0.354746,0.634341,0.524718,0.535041,0.228038,0.289404,0.341100,0.391578,0.513893,0.344107,0.245002,0.018425,0.312061,0.053827,0.388613,0.144267,0.240444,0.188351,0.087959,0.058319,-0.000111,0.146569,0.086619,0.053673,0.059026,0.107621,-0.003736,0.168993,0.057471,0.117369,0.060115,0.075789,0.199411,0.210524,0.523782,0.445036,0.444630,0.407872,0.432619,0.405191,0.294015,0.476233,0.536515,0.003564,0.084139,0.185403,0.092487,0.147119,0.054955,0.276252,0.175826,0.126262,0.188278,0.090106,-0.088186,-0.087358,0.016699,0.060180,0.070519,-0.137353,-0.058081,-0.069539,0.051524,0.056682,-0.096639,0.097423,0.127375,0.290837,-0.043569
S017,0.052305,0.074012,0.178964,0.057462,0.078833,-0.298611,0.075743,-0.027540,0.019549,0.212660,-0.122422,-0.034493,0.159048,-0.072493,-0.093793,-0.007848,0.128739,0.027364,-0.136955,-0.027961,-0.006806,-0.039171,0.085366,0.144425,-0.103925,0.163978,0.123222,0.240052,0.175902,0.119492,0.098281,0.334918,0.149760,0.207744,0.433541,0.291019,0.356132,0.194046,0.319276,0.371761,0.491118,0.390770,0.444237,0.688726,0.611989,0.423158,0.555523,0.457097,0.497345,0.579624,0.525182,0.451250,0.574190,0.518116,0.180474,0.794851,0.617345,0.429109,0.472577,0.314458,0.597274,0.574972,0.378854,0.466562,0.328574,0.096572,0.113845,0.282395,0.105024,0.095427,0.025650,0.113253,0.101971,-0.105591,0.016076,-0.097488,0.280721,-0.196383,0.132063,0.130678,0.068210,-0.244285,-0.036233,0.067874,-0.127009,0.028266,0.297458,0.158443,0.012780,-0.031661,0.150231,0.151109,0.199798,0.137865,0.172872,0.419995,0.242412,0.213256,0.090995,0.276522,0.408203,0.346751,0.410734,0.481757,0.350493,0.404332,0.662120,0.591218,0.682571,0.581020,0.753181,0.637316,0.810225,0.543490,0.715967,0.792086,0.747469,0.874123,0.944531,0.604506,0.773244,0.544870,0.673787,0.922137,0.748061,0.596498,0.684373,0.811479,0.483304,0.491656,0.773131,0.724531,0.547119,0.386428,0.775870,0.632236,0.389546,0.235602,0.345413,0.253741,0.171099,0.470794,0.355727,0.125549,0.292019,0.217095,0.179859,0.287723,-0.039211,0.180309,-0.030222,0.003227,0.135959,0.331325,-0.061025,0.162992,0.281883,0.202286,0.147798,0.109618,0.386739,0.301595,0.173395,0.541269,0.544096,0.502082,0.457669,0.507655,0.495334,0.511383,0.363101,0.516748,0.547403,0.381898,0.208287,0.244921,0.062372,0.095048,0.155037,0.043122,0.347777,0.251888,0.224767,-0.006390,0.009515,-0.034624,-0.030280,-0.169421,0.094566,-0.123562,0.168452,0.061374,0.120320,-0.128316,0.099570,0.040751,-0.013268,0.106175,0.018997,-0.042690
S018,-0.158021,-0.137084,0.269305,-0.023513,0.079478,-0.181078,-0.143568,0.139139,-0.115448,0.047006,0.071723,0.001190,0.007874,0.026600,0.175796,0.135866,-0.083643,-0.010051,0.202428,0.132080,-0.042124,-0.052930,-0.147882,0.012106,0.318249,0.031951,-0.022176,0.224541,0.019630,0.040338,0.300068,0.070585,0.121809,0.296125,0.226769,0.258575,0.290704,0.319534,0.212422,0.401829,0.281031,0.417652,0.354327,0.512718,0.428845,0.426926,0.492396,0.574184,0.698421,0.449235,0.658593,0.552363,0.519578,0.439054,0.543061,0.556581,0.406579,0.243955,0.387602,0.526112,0.269353,0.213428,0.359138,0.356894,0.286738,0.107098,0.205107,0.258386,0.101353,0.108655,0.252824,0.152232,-0.049412,0.039889,0.099692,0.098823,0.051346,-0.052867,0.214393,-0.009354,-0.103419,0.107573,0.015345,0.195220,0.127329,-0.021693,0.312647,0.102780,0.207404,0.058669,0.216948,0.119475,0.288722,0.278954,0.272145,0.193904,0.128970,0.153425,0.327727,0.192110,0.361166,0.402929,0.233904,0.266357,0.278063,0.508202,0.532496,0.670714,0.568090,0.566737,0.429289,0.493597,0.671676,0.412536,0.873046,0.614345,1.078475,0.954364,0.812413,0.745210,0.819997,0.892357,0.565024,0.479988,0.600839,0.652930,0.667103,0.752324,0.510515,0.257789,0.638623,0.475115,0.288975,0.450463,0.494836,0.365482,0.296116,0.336181,0.392358,0.113774,0.171430,0.282854,0.207219,0.258967,-0.051142,0.103838,-0.044538,0.121351,0.208441,-0.027723,0.078376,0.132350,0.174984,0.072537,0.014248,-0.042576,0.219579,0.231436,0.217293,0.124907,0.400623,0.255482,0.269502,0.425740,0.355843,0.352296,0.395204,0.600987,0.587819,0.364792,0.517198,0.317785,0.260785,0.193315,0.113696,0.258285,0.053803,0.066210,-0.044393,0.195350,0.078289,0.079101,0.054607,-0.009877,0.134843,-0.048329,0.058636,-0.143737,0.050288,0.148847,0.062903,0.012105,-0.033428,0.058437,0.046333,-0.035824,-0.023715,0.045328,-0.023245,-0.096481
S019,-0.131622,-0.159077,-0.032563,-0.002405,-0.090621,0.124722,0.011087,-0.139627,0.020448,0.071522,-0.024199,0.009510,-0.091457,0.024946,-0.172804,-0.195925,-0.027338,-0.003169,0.033065,-0.030105,-0.068610,0.050277,0.051350,0.121385,0.002379,0.172400,-0.035216,0.141185,0.141573,0.139962,0.148878,0.048412,0.238608,-0.007554,-0.046170,0.148654,0.348066,0.244137,0.100280,0.202918,0.277688,0.350872,0.511529,0.159995,0.586041,0.447943,0.491559,0.352669,0.449780,0.338291,0.377116,0.477284,0.578988,0.334888,0.427544,0.311324,0.235112,0.360429,0.259132,0.281395,0.242063,0.147614,0.168369,0.094371,0.154748,0.082827,0.155224,0.369695,0.091783,0.275290,0.032635,-0.004104,-0.038696,-0.110982,-0.171096,0.088521,0.169766,0.156983,-0.079527,0.023168,0.054790,0.127472,-0.050084,-0.089407,-0.074373,-0.015182,-0.112336,0.028755,0.078018,0.058351,0.104107,0.126759,0.025749,-0.101986,0.032312,0.200519,0.356807,0.259140,0.269486,0.210296,0.036446,0.224087,0.411206,0.235911,0.664080,0.366762,0.659484,0.303621,0.468189,0.409261,0.436426,0.624270,0.603492,0.477935,0.344696,0.612005,0.660184,0.656629,0.667065,0.620242,0.814300,0.631057,0.572618,0.419367,0.600910,0.566160,0.593119,0.523101,0.376002,0.538412,0.535284,0.556745,0.512576,0.444509,0.409050,0.388653,0.416845,0.161005,0.289318,0.129502,0.271095,0.311560,0.134044,-0.117616,0.101700,0.269017,0.115783,0.073656,-0.004822,-0.106049,0.156743,-0.080533,0.277406,0.165798,0.048031,0.015944,0.111443,0.111066,0.251942,0.184199,0.241383,0.460003,0.387023,0.336185,0.242328,0.296216,0.330988,0.254210,0.524601,0.568558,0.229548,0.150656,0.308562,0.270041,0.317651,0.247983,0.206649,0.286696,0.163334,-0.051750,0.170232,0.276318,0.270134,0.003106,0.032450,-0.228675,0.105077,0.028250,0.254182,-0.048421,-0.112009,-0.131316,-0.222619,0.030177,-0.144901,-0.016107,-0.165383,-0.005165,0.121263,0.006739
