Set,Season,Region,Date,Type,Cultivar,Pop,Temp,DM,285,288,291,294,297,300,303,306,309,312,315,318,321,324,327,330,333,336,339,342,345,348,351,354,357,360,363,366,369,372,375,378,381,384,387,390,393,396,399,402,405,408,411,414,417,420,423,426,429,432,435,438,441,444,447,450,453,456,459,462,465,468,471,474,477,480,483,486,489,492,495,498,501,504,507,510,513,516,519,522,525,528,531,534,537,540,543,546,549,552,555,558,561,564,567,570,573,576,579,582,585,588,591,594,597,600,603,606,609,612,615,618,621,624,627,630,633,636,639,642,645,648,651,654,657,660,663,666,669,672,675,678,681,684,687,690,693,696,699,702,705,708,711,714,717,720,723,726,729,732,735,738,741,744,747,750,753,756,759,762,765,768,771,774,777,780,783,786,789,792,795,798,801,804,807,810,813,816,819,822,825,828,831,834,837,840,843,846,849,852,855,858,861,864,867,870,873,876,879,882,885,888,891,894,897,900,903,906,909,912,915,918,921,924,927,930,933,936,939,942,945,948,951,954,957,960,963,966,969,972,975,978,981,984,987,990,993,996,999,1002,1005,1008,1011,1014,1017,1020,1023,1026,1029,1032,1035,1038,1041,1044,1047,1050,1053,1056,1059,1062,1065,1068,1071,1074,1077,1080,1083,1086,1089,1092,1095,1098,1101,1104,1107,1110,1113,1116,1119,1122,1125,1128,1131,1134,1137,1140,1143,1146,1149,1152,1155,1158,1161,1164,1167,1170,1173,1176,1179,1182,1185,1188,1191,1194,1197,1200
Cal,1,NT,2/10/2015,Hard Green,Caly,2,Mid,16.79250559,0,0,0,0,0,0,0,0,-0.4787841,-0.4739735,-0.5207868,-0.5048752,-0.4578192,-0.40284,-0.2876581,-0.3938231,-0.2982284,-0.3893246,-0.5608565,-0.5212094,-0.4542189,-0.5387801,-0.657675,-0.5758811,-0.5036338,-0.5458083,-0.3999769,-0.3804941,-0.4862565,-0.4939425,-0.4134099,-0.3761103,-0.4007813,-0.3009636,-0.3219865,-0.175797,-0.175325,-0.09555692,0.01297454,0.05915967,0.08885869,0.1840773,0.2609231,0.2420516,0.3244725,0.3122082,0.3062741,0.3155593,0.3146278,0.3055926,0.3080567,0.3166472,0.323428,0.340048,0.3303098,0.3293271,0.338746,0.3382828,0.3331902,0.3392195,0.342842,0.3383174,0.353922,0.3666202,0.3682879,0.3808684,0.3948247,0.400539,0.4017949,0.4063707,0.4045405,0.4075912,0.407936,0.4047224,0.4077329,0.4054449,0.3985651,0.3994659,0.4001284,0.3906298,0.3954569,0.3922071,0.3879774,0.3845762,0.3793294,0.3708909,0.3603205,0.3463055,0.3285416,0.3094544,0.2846154,0.2580041,0.2282284,0.1948784,0.1593572,0.1237123,0.08864861,0.04826403,0.01517446,-0.01620358,-0.0465277,-0.07462548,-0.1008313,-0.1256136,-0.1483336,-0.1693675,-0.190148,-0.2046748,-0.2174465,-0.2277157,-0.2365856,-0.2449035,-0.2529427,-0.260924,-0.269275,-0.2765335,-0.2805706,-0.2795029,-0.2733596,-0.262801,-0.2491055,-0.2343375,-0.2205726,-0.2071761,-0.1890421,-0.1650803,-0.1349291,-0.1031512,-0.07459418,-0.05498759,-0.05031376,-0.06572842,-0.1093803,-0.1875716,-0.2712359,-0.3510048,-0.4186276,-0.471548,-0.5107505,-0.538847,-0.5583565,-0.5721954,-0.5821111,-0.5880038,-0.5919223,-0.5942329,-0.5950907,-0.5946524,-0.5928675,-0.5902823,-0.5875049,-0.5854946,-0.5848073,-0.5848454,-0.5854082,-0.5860916,-0.587012,-0.5882024,-0.5894384,-0.5908431,-0.5924711,-0.5941352,-0.5961653,-0.5981189,-0.6001561,-0.6022981,-0.6044922,-0.6066707,-0.6088443,-0.6110439,-0.6131023,-0.6148683,-0.6162981,-0.6173029,-0.6180348,-0.6184691,-0.6184812,-0.6179937,-0.6169528,-0.6144238,-0.6106831,-0.6060299,-0.6011599,-0.5969085,-0.5937644,-0.5917183,-0.5903383,-0.5896112,-0.5889916,-0.5887507,-0.5882661,-0.5880417,-0.5877412,-0.5871637,-0.5863875,-0.5854112,-0.5843334,-0.5828608,-0.5808369,-0.5784213,-0.5759693,-0.5734122,-0.5707943,-0.5683525,-0.5658385,-0.5630186,-0.5599054,-0.5565193,-0.552971,-0.5484747,-0.542785,-0.5370153,-0.5287929,-0.51884,-0.5074258,-0.4943146,-0.4798958,-0.4647009,-0.4475763,-0.4297304,-0.407564,-0.3864144,-0.3637609,-0.3410068,-0.3203506,-0.3030632,-0.2910615,-0.2837662,-0.2776652,-0.2764664,-0.2758331,-0.2774688,-0.2790865,-0.2815855,-0.286274,-0.2918612,-0.298373,-0.305885,-0.3131335,-0.3200187,-0.3300744,-0.3402029,-0.3498156,-0.3632222,-0.3708263,-0.3818038,-0.3908137,-0.400179,-0.4130181,-0.4244511,-0.4334157,-0.4446871,-0.4489026,-0.461172,-0.4665767,-0.473235,-0.486358,-0.4839183,-0.4922379,-0.4960868,-0.4979688,-0.5000115,-0.4998325,-0.5007389,-0.5015155,-0.4882394,-0.4926605,-0.4990705,-0.4986884,-0.4934481,-0.4884601,-0.4841449,-0.4645319,-0.4464428,-0.459275,-0.4653625,-0.4502047,-0.4519407,-0.4541557,-0.4353264,-0.4326771,-0.3277824,-0.4298582,-0.3818672,-0.3389032,-0.33265,-0.267678,-0.2718224,-0.2224778,0,0,0,0,0,0,0,0,0,0,0,0,0,0,0,0,0
Cal,1,NT,22/10/2015,Hard Green,Caly,4,Low,13.14045373,0,0,0,0,0,0,0,0,-0.3388804,-0.3933155,-0.4126481,-0.3793173,-0.3767716,-0.4126197,-0.3704865,-0.4210145,-0.3923963,-0.3854946,-0.3730215,-0.4413179,-0.4314115,-0.4068967,-0.4353945,-0.4419234,-0.4390035,-0.3982433,-0.4108881,-0.4332009,-0.3922595,-0.3764752,-0.3861182,-0.3781076,-0.3424195,-0.3251606,-0.2992806,-0.2531419,-0.1870528,-0.1195434,-0.04183015,0.03336314,0.09714074,0.1520943,0.2036595,0.2663298,0.2754807,0.2876785,0.301185,0.3065973,0.3074056,0.3118119,0.3183333,0.3127716,0.3143688,0.3083429,0.2948697,0.287903,0.2807506,0.2784788,0.2817703,0.2849496,0.2851489,0.2903145,0.293988,0.2961244,0.2987307,0.3007473,0.3009332,0.2994506,0.2959729,0.287331,0.2736725,0.2522273,0.2300808,0.2006658,0.1668294,0.1299639,0.09042209,0.04907038,0.008335194,-0.03213674,-0.06695887,-0.09314298,-0.1150864,-0.1326163,-0.1466899,-0.1584508,-0.1682848,-0.1759796,-0.1815817,-0.1835299,-0.1825991,-0.1803893,-0.1771933,-0.1730242,-0.1675487,-0.1602461,-0.1509785,-0.1387577,-0.1272613,-0.1162604,-0.1061479,-0.09699545,-0.08871264,-0.08114703,-0.07408934,-0.06720161,-0.05870754,-0.04973577,-0.03986204,-0.02879677,-0.01770339,-0.007620647,0.000586451,0.006048747,0.009391537,0.01376622,0.022469,0.03921777,0.06441481,0.09637181,0.1321786,0.1678063,0.1988151,0.2265406,0.2550809,0.2871198,0.3230942,0.3593381,0.3912104,0.4135715,0.4208147,0.4064572,0.3566778,0.251264,0.1242295,-0.007493801,-0.1279148,-0.2291745,-0.3094272,-0.370479,-0.415684,-0.4498166,-0.4759639,-0.4933407,-0.5069716,-0.5175658,-0.5253702,-0.5307856,-0.5340854,-0.5358648,-0.5369322,-0.5381466,-0.5398867,-0.5420214,-0.5441401,-0.546242,-0.5484025,-0.5504906,-0.5524616,-0.5543602,-0.5566221,-0.5588217,-0.5608679,-0.5629655,-0.5652258,-0.5675213,-0.5697672,-0.5719592,-0.5741064,-0.5763529,-0.5783251,-0.5798618,-0.5811875,-0.5823039,-0.5831674,-0.5836951,-0.5838819,-0.5837072,-0.5830085,-0.5809416,-0.5776696,-0.5736084,-0.5693365,-0.5655721,-0.5627773,-0.5610076,-0.5598599,-0.5591763,-0.5586021,-0.5581495,-0.5579013,-0.5575716,-0.5572144,-0.5567445,-0.55616,-0.5553195,-0.5542454,-0.5527726,-0.5509266,-0.5487111,-0.5466932,-0.5444254,-0.5421332,-0.5398045,-0.5374423,-0.5350729,-0.532546,-0.5296324,-0.5263869,-0.5221155,-0.5173577,-0.5114871,-0.5040451,-0.4950389,-0.484267,-0.4718542,-0.4581748,-0.4432271,-0.4272642,-0.4095375,-0.3892425,-0.3686411,-0.3463217,-0.3240013,-0.3041783,-0.2880664,-0.2764607,-0.2689959,-0.2639466,-0.2608862,-0.2595537,-0.259091,-0.26113,-0.2640558,-0.2679164,-0.2727699,-0.2785221,-0.2850244,-0.2924767,-0.3011273,-0.3100245,-0.3186687,-0.3281366,-0.3380088,-0.348923,-0.3588464,-0.3692956,-0.3801475,-0.3905119,-0.4003233,-0.4096556,-0.4185703,-0.4285545,-0.4357904,-0.4438186,-0.4524926,-0.4558598,-0.4628909,-0.4675207,-0.4691076,-0.472797,-0.4753063,-0.4759409,-0.4771074,-0.4743632,-0.4718624,-0.4739736,-0.4641035,-0.4638499,-0.45552,-0.4560596,-0.4524773,-0.4448312,-0.4343619,-0.4278079,-0.4195976,-0.4118322,-0.4112476,-0.4047314,-0.3929016,-0.3825817,-0.3642865,-0.346542,-0.3327259,-0.2971876,-0.3055079,-0.2703722,-0.2588946,-0.2473006,0,0,0,0,0,0,0,0,0,0,0,0,0,0,0,0,0
Cal,1,NT,23/10/2015,Hard Green,KP,6,High,16.59757687,0,0,0,0,0,0,0,0,-0.3966882,-0.4003784,-0.3952172,-0.3808606,-0.3782501,-0.4044769,-0.4344504,-0.3122235,-0.3952734,-0.4130259,-0.4444737,-0.4048572,-0.3967298,-0.4369995,-0.4572057,-0.4303366,-0.4747674,-0.4433348,-0.4491554,-0.4058802,-0.3742851,-0.3765944,-0.3738467,-0.3629752,-0.369206,-0.3557292,-0.3034128,-0.1918732,-0.1762373,-0.115076,-0.01580929,0.06507317,0.1247161,0.1971788,0.2719556,0.314406,0.3427697,0.3678625,0.3840492,0.397741,0.4085836,0.41677,0.4224119,0.422318,0.4233339,0.4368337,0.432232,0.4320694,0.4329786,0.437148,0.4406845,0.4396768,0.441842,0.4508938,0.4498946,0.4592656,0.4630516,0.470803,0.4771686,0.479758,0.480729,0.4765513,0.4672294,0.4619913,0.4490201,0.4386246,0.4237218,0.4069491,0.3907307,0.3741075,0.3585508,0.342054,0.3290511,0.3177331,0.3085598,0.3008133,0.2941917,0.288482,0.2829272,0.2763758,0.2687548,0.2615017,0.2552302,0.2494417,0.2447803,0.2415059,0.2400216,0.2409576,0.2436842,0.24831,0.2533253,0.257444,0.2615415,0.2644514,0.2662326,0.2675026,0.2684029,0.2695639,0.2728031,0.2785786,0.2867251,0.2962055,0.3059425,0.3151011,0.3228257,0.3282624,0.3320848,0.3356867,0.341623,0.3521371,0.3678938,0.3876562,0.4094098,0.4309083,0.4498831,0.4683194,0.490045,0.514261,0.5405642,0.5669119,0.5883675,0.6016007,0.6050776,0.5965657,0.5690832,0.5097356,0.4263868,0.3243573,0.2127025,0.100829,-0.003916126,-0.09686344,-0.1757952,-0.2440066,-0.3033294,-0.3467223,-0.3829774,-0.4129894,-0.4373395,-0.4565349,-0.4710357,-0.4819177,-0.4902622,-0.4974376,-0.5028981,-0.5079055,-0.5121281,-0.5155904,-0.5186208,-0.5213844,-0.523899,-0.5261371,-0.5285118,-0.530787,-0.533049,-0.5352115,-0.5375316,-0.539962,-0.5423664,-0.5446898,-0.5470226,-0.5495514,-0.5517364,-0.5535491,-0.5551906,-0.5564548,-0.5574381,-0.5580018,-0.5579907,-0.557523,-0.5564379,-0.5539385,-0.5502515,-0.5456865,-0.5409485,-0.5367755,-0.5336137,-0.5316274,-0.5305252,-0.5299598,-0.5297076,-0.529478,-0.5294037,-0.5293119,-0.5292312,-0.5289605,-0.5285319,-0.527798,-0.526679,-0.5251554,-0.5234713,-0.5209917,-0.5186076,-0.516116,-0.5136348,-0.5110258,-0.5082802,-0.5053922,-0.5022839,-0.4990632,-0.4953599,-0.4907618,-0.4858415,-0.4795581,-0.4720063,-0.4629761,-0.4525933,-0.44067,-0.4274426,-0.4136471,-0.3984965,-0.3820599,-0.3634889,-0.3447723,-0.324735,-0.3043532,-0.2861217,-0.2716325,-0.2614732,-0.2547139,-0.2499006,-0.2479237,-0.2474219,-0.2476897,-0.2490647,-0.2522463,-0.2561581,-0.2608243,-0.2663103,-0.2726176,-0.2800448,-0.2882952,-0.2953978,-0.3041851,-0.3138061,-0.3239965,-0.3321043,-0.3420925,-0.3517999,-0.3608352,-0.3699569,-0.379248,-0.3876856,-0.3949239,-0.4031655,-0.4123665,-0.4218782,-0.4263827,-0.4322527,-0.4354279,-0.4402614,-0.4421233,-0.4434595,-0.4458785,-0.4478986,-0.4478373,-0.4455527,-0.4443631,-0.4435895,-0.4399929,-0.4416828,-0.4364457,-0.4283818,-0.4193926,-0.4213735,-0.4106213,-0.4001349,-0.390653,-0.3839211,-0.3858823,-0.3723,-0.3493544,-0.33616,-0.3443827,-0.3117321,-0.2528253,-0.2489568,-0.245308,-0.2058923,-0.1324393,-0.09624355,0,0,0,0,0,0,0,0,0,0,0,0,0,0,0,0,0
Cal,1,NT,23/10/2015,Hard Green,KP,8,High,20.54265414,0,0,0,0,0,0,0,0,-0.1503773,-0.1325428,-0.08608121,-0.03911953,-0.01588086,-0.0482978,-0.05735614,-0.08043649,0.01929009,-0.05283076,-0.0933681,-0.02349756,-0.006217485,-0.05243651,-0.06718013,-0.0457796,-0.1030251,-0.09305423,-0.1115069,-0.06136223,-0.08163551,-0.1166945,-0.1296593,-0.1155444,-0.09162988,-0.07143266,-0.04430968,0.006878268,0.06452487,0.1108625,0.1721061,0.2532313,0.3264825,0.3903997,0.4427731,0.4784073,0.5111695,0.5352806,0.5545016,0.5755863,0.5798874,0.5861964,0.5976874,0.6128322,0.6243308,0.6291739,0.6396686,0.6458638,0.6458741,0.652553,0.6606812,0.6674685,0.677461,0.6830745,0.6863325,0.6976793,0.7021131,0.7105398,0.7128091,0.7160131,0.7103262,0.704206,0.6970401,0.6869646,0.6723124,0.6512381,0.6262416,0.5974449,0.5613447,0.529116,0.4954455,0.4632955,0.4343398,0.4103543,0.3908323,0.3725206,0.3588855,0.3485225,0.3402225,0.3338447,0.3299612,0.3281407,0.3287593,0.3324375,0.3391773,0.3486398,0.3612095,0.3793181,0.3961148,0.4119511,0.4268454,0.4414253,0.4549535,0.4663905,0.4755325,0.4825941,0.4891374,0.4957386,0.5022156,0.5101694,0.5201333,0.5308552,0.5417413,0.5517083,0.5597608,0.5678515,0.5731862,0.5791831,0.585912,0.5958697,0.6096684,0.6264977,0.6444999,0.6623964,0.6800056,0.695947,0.712826,0.7326891,0.7540691,0.7728649,0.786568,0.794359,0.7937106,0.781768,0.7562661,0.7128896,0.6435301,0.5482996,0.4463015,0.3399577,0.2353177,0.1374516,0.04879992,-0.02989682,-0.09858715,-0.158407,-0.2111029,-0.2585094,-0.2940619,-0.3234684,-0.347007,-0.3657727,-0.3810053,-0.3936202,-0.4042977,-0.4134541,-0.4211867,-0.4279805,-0.4333479,-0.4377744,-0.4417104,-0.4453878,-0.4487506,-0.4518431,-0.4548699,-0.457851,-0.4607917,-0.4638151,-0.4670847,-0.4700461,-0.4729762,-0.4757856,-0.4785479,-0.4811197,-0.4834089,-0.4853274,-0.4868338,-0.4879551,-0.4884931,-0.4883762,-0.4875388,-0.4856115,-0.4823956,-0.4783504,-0.4739434,-0.46998,-0.4670935,-0.46534,-0.4645579,-0.4642524,-0.4643813,-0.4647784,-0.4651376,-0.4655969,-0.465911,-0.4660391,-0.4660247,-0.4658314,-0.4652271,-0.4641121,-0.4625827,-0.4606457,-0.458594,-0.4560571,-0.4534918,-0.4509065,-0.4482046,-0.4454956,-0.4424717,-0.4391289,-0.4356507,-0.4314555,-0.426564,-0.4211101,-0.4134623,-0.4046064,-0.3944176,-0.382447,-0.3695957,-0.3560477,-0.3417631,-0.3267375,-0.3106256,-0.2930958,-0.2747192,-0.2561621,-0.2385213,-0.2234924,-0.2135805,-0.2074544,-0.2037869,-0.2013723,-0.200469,-0.2008578,-0.202617,-0.2054587,-0.2092474,-0.2148786,-0.2219055,-0.2268686,-0.2337068,-0.242386,-0.2510448,-0.2596917,-0.2688133,-0.2782289,-0.2863542,-0.295535,-0.305274,-0.3149729,-0.3244908,-0.3332272,-0.3411257,-0.3492348,-0.3581075,-0.3672915,-0.3731145,-0.3799454,-0.3839505,-0.3907695,-0.3924827,-0.3909799,-0.3976898,-0.4007462,-0.404183,-0.4045316,-0.3988386,-0.3953691,-0.3940172,-0.3864827,-0.3773774,-0.3711192,-0.3717411,-0.3753111,-0.367274,-0.3670669,-0.3624611,-0.3430155,-0.3273256,-0.3165186,-0.2974315,-0.2840863,-0.2665437,-0.2485931,-0.2131411,-0.1677941,-0.1212748,0,0,0,0,0,0,0,0,0,0,0,0,0,0,0,0,0,0,0,0,0
Cal,1,NT,25/10/2015,Hard Green,HG,10,Low,16.8956554,0,0,0,0,0,0,0,0,-0.3694369,-0.4342159,-0.3261254,-0.254641,-0.3721331,-0.490931,-0.3389307,-0.3596811,-0.4699265,-0.4754811,-0.3525806,-0.3731734,-0.4104289,-0.3918811,-0.4041992,-0.5125866,-0.4836729,-0.4772042,-0.5580335,-0.4690554,-0.4595732,-0.4416372,-0.4263619,-0.4314499,-0.4184189,-0.3521595,-0.314119,-0.2477974,-0.1868071,-0.1318344,-0.05028126,0.0210913,0.08871428,0.1733755,0.2219882,0.2523581,0.3019344,0.3007407,0.3134114,0.3119264,0.3156524,0.3274984,0.331536,0.3279012,0.3213765,0.3177593,0.32806,0.3214694,0.3201932,0.3227575,0.322139,0.3207518,0.328545,0.3226394,0.3366297,0.3386525,0.350626,0.3613694,0.3647408,0.3661295,0.3694098,0.3619693,0.3505893,0.3440749,0.3348011,0.3271166,0.3161439,0.3043907,0.2941545,0.2846547,0.2758584,0.2676413,0.2598098,0.2522483,0.2472239,0.2423046,0.2369779,0.2315268,0.2257765,0.2195487,0.2088657,0.1984807,0.188223,0.1781501,0.1680647,0.1579928,0.1487672,0.1413782,0.1346467,0.1292285,0.1253654,0.1208283,0.1162884,0.1122057,0.1080106,0.1034786,0.09953845,0.09610754,0.09550559,0.09748315,0.1024149,0.1094468,0.117065,0.1245276,0.1309787,0.1349371,0.1381272,0.1411109,0.1471515,0.1587767,0.1752846,0.1962535,0.2189476,0.2399972,0.2583112,0.2747757,0.2943287,0.3175982,0.3445308,0.3708724,0.3924213,0.4051981,0.4062309,0.3936312,0.3577087,0.2881023,0.1988444,0.09677139,-0.008291535,-0.1080041,-0.1968358,-0.2724194,-0.3348556,-0.3867883,-0.430905,-0.4623598,-0.4881633,-0.509127,-0.5255653,-0.5379656,-0.5467277,-0.5526119,-0.5567216,-0.5600486,-0.5627971,-0.5653464,-0.5675238,-0.5692061,-0.5706475,-0.5719635,-0.5731108,-0.5743049,-0.5755646,-0.576989,-0.5784691,-0.5800275,-0.5818355,-0.5838534,-0.5860069,-0.5882415,-0.5905428,-0.5926681,-0.5949459,-0.5968198,-0.5985941,-0.5999585,-0.6011133,-0.6019509,-0.6021883,-0.6018286,-0.6009126,-0.5986663,-0.5951511,-0.5904049,-0.5853875,-0.5810091,-0.5775747,-0.5751358,-0.5735005,-0.5724207,-0.5712184,-0.5703069,-0.5693477,-0.568617,-0.5678205,-0.5670792,-0.5661029,-0.5646349,-0.563032,-0.5609576,-0.5585492,-0.5556728,-0.5526317,-0.5496088,-0.5468256,-0.5439131,-0.5408845,-0.5376943,-0.5342201,-0.5309577,-0.5270864,-0.5221965,-0.5170303,-0.5107532,-0.5028183,-0.4932949,-0.4820107,-0.4689881,-0.4544756,-0.4386927,-0.4226575,-0.4041107,-0.3829002,-0.3612238,-0.3381214,-0.3155166,-0.2951388,-0.2787288,-0.2667229,-0.2583218,-0.2531166,-0.2495248,-0.2474273,-0.2478923,-0.2478286,-0.2489478,-0.2509013,-0.2545836,-0.260552,-0.2674216,-0.2744626,-0.282467,-0.2895156,-0.2968735,-0.3063746,-0.3169335,-0.3278245,-0.3373791,-0.3465104,-0.3560913,-0.3683056,-0.3807233,-0.3908249,-0.4011469,-0.4105036,-0.4157168,-0.4250816,-0.428301,-0.4424844,-0.4435358,-0.4506337,-0.4555089,-0.4520072,-0.4557841,-0.466958,-0.4707705,-0.4678352,-0.4527081,-0.4506317,-0.4571144,-0.441475,-0.4459597,-0.4496997,-0.4368711,-0.4199934,-0.4095526,-0.4108471,-0.4148195,-0.404528,-0.3823853,-0.3721055,-0.3732362,-0.3720066,-0.3372144,-0.3395572,-0.3001295,-0.2409007,-0.2202466,-0.220797,-0.2356518,-0.1668027,0,0,0,0,0,0,0,0,0,0,0,0,0,0,0,0,0
Cal,1,NT,16/11/2015,Hard Green,Caly,13,Low,18.39976467,0,0,0,0,0,0,0,0,-0.4968989,-0.3050625,-0.3037245,-0.3933799,-0.3601698,-0.2975174,-0.4701233,-0.3861392,-0.3577216,-0.3970926,-0.3835719,-0.5167933,-0.4849213,-0.4751685,-0.5752729,-0.5090706,-0.4220807,-0.5179797,-0.4347848,-0.5406297,-0.5173225,-0.5026624,-0.513553,-0.4901716,-0.4312911,-0.4394214,-0.3993666,-0.321765,-0.2818845,-0.2045861,-0.1247618,-0.04471549,0.03255785,0.1031322,0.1767974,0.2068958,0.241816,0.2474276,0.2730018,0.2725725,0.2688519,0.2802393,0.289726,0.271828,0.2836703,0.2874696,0.2851081,0.2914377,0.2919822,0.2996312,0.3069553,0.3036108,0.3138452,0.3260794,0.3278938,0.3421411,0.3510885,0.362646,0.3704388,0.3757046,0.3874421,0.4042532,0.4026759,0.4142357,0.4257887,0.4328226,0.4402427,0.4492546,0.4597061,0.4701587,0.4764718,0.4890497,0.5014051,0.5100189,0.5158588,0.5239683,0.5305071,0.5326864,0.5341594,0.539472,0.5385658,0.536667,0.5284065,0.5207588,0.5071116,0.4873254,0.4653285,0.4419671,0.4104174,0.3757899,0.3399216,0.304099,0.2678905,0.2311387,0.1955318,0.1618108,0.1288045,0.09990235,0.07104683,0.05202076,0.03702292,0.02616807,0.01826588,0.01171985,0.005349724,-0.001189356,-0.008009911,-0.01387447,-0.01583557,-0.01249486,-0.003189935,0.01083717,0.02800507,0.04635496,0.06351021,0.08113024,0.1042488,0.1319153,0.1648215,0.196137,0.2221133,0.2383147,0.2403295,0.2258652,0.1837365,0.1031927,0.006486138,-0.09697781,-0.1932122,-0.275622,-0.3418595,-0.392663,-0.4313911,-0.4605345,-0.4834924,-0.4987345,-0.510535,-0.5195205,-0.5257546,-0.5297899,-0.5319731,-0.5324749,-0.5323807,-0.5321205,-0.5326723,-0.5333135,-0.5338478,-0.5345024,-0.5352874,-0.5360196,-0.5368504,-0.5377913,-0.5392069,-0.5405667,-0.5418762,-0.5435396,-0.5453497,-0.5472915,-0.5493035,-0.5512103,-0.553418,-0.5558183,-0.5576425,-0.5595067,-0.5609362,-0.5623618,-0.563328,-0.5638946,-0.5643437,-0.5640839,-0.5632694,-0.5614066,-0.558329,-0.5547405,-0.5503911,-0.5466889,-0.5438666,-0.5418559,-0.5405845,-0.539533,-0.5387913,-0.5379308,-0.5371508,-0.5366677,-0.5359945,-0.5353258,-0.5344798,-0.5332134,-0.5318478,-0.5301209,-0.527882,-0.5255899,-0.5229892,-0.5202087,-0.5176741,-0.5151924,-0.512808,-0.5101566,-0.5069622,-0.5042924,-0.500583,-0.4968974,-0.4923891,-0.4869091,-0.4804625,-0.4718315,-0.4624855,-0.4520884,-0.4397091,-0.426455,-0.4113535,-0.3965237,-0.3780395,-0.3602558,-0.341157,-0.3215816,-0.3043789,-0.2904209,-0.2806602,-0.2743319,-0.2683969,-0.2659251,-0.2636567,-0.2651593,-0.2649633,-0.2650774,-0.2677407,-0.2715903,-0.2757989,-0.2804871,-0.2863921,-0.2935128,-0.2991531,-0.3036615,-0.3146588,-0.3239124,-0.3317414,-0.3398708,-0.3482615,-0.3593393,-0.366874,-0.3748853,-0.3862247,-0.392125,-0.4014814,-0.4052818,-0.417196,-0.4286262,-0.4278119,-0.4350076,-0.4364088,-0.4466394,-0.4468319,-0.4472979,-0.4479781,-0.4418725,-0.4508122,-0.4473956,-0.450329,-0.4556851,-0.4266419,-0.4374891,-0.424542,-0.4340436,-0.4278942,-0.4195456,-0.4077444,-0.4003551,-0.4091275,-0.4108001,-0.3830997,-0.3624946,-0.3455901,-0.3571309,-0.3474619,-0.2898894,-0.303531,-0.21889,-0.1884557,-0.1849665,-0.127443,0,0,0,0,0,0,0,0,0,0,0,0,0,0,0,0,0
Cal,1,QLD,13/12/2015,Hard Green,Caly,15,No,11.71409,0,0,0,0,0,0,0,0,-0.460763,-0.4090033,-0.442357,-0.4891444,-0.4792078,-0.4242238,-0.3681788,-0.4693407,-0.4281062,-0.4737751,-0.5010055,-0.4894068,-0.4676414,-0.4360112,-0.4392638,-0.514752,-0.4876554,-0.443511,-0.47634,-0.3714476,-0.4162727,-0.473712,-0.4535046,-0.4254734,-0.4477801,-0.3524442,-0.3304365,-0.2706279,-0.1935766,-0.1390293,-0.0623356,0.0228167,0.1157551,0.2118971,0.2543615,0.2728717,0.3354845,0.3547521,0.370942,0.388119,0.4082533,0.416883,0.4109663,0.4228743,0.4322423,0.4194159,0.4237703,0.4063937,0.3975611,0.3963808,0.397668,0.4023851,0.4096324,0.4043482,0.4170706,0.4175026,0.4204469,0.4259427,0.4251018,0.42182,0.4225142,0.4132132,0.3964475,0.3729155,0.3466769,0.3150533,0.277343,0.2364276,0.1934103,0.1482345,0.1049802,0.06184749,0.02737943,0.000659606,-0.01918872,-0.03370671,-0.04464274,-0.05257279,-0.0577596,-0.06261291,-0.06497993,-0.06456583,-0.06080963,-0.05380204,-0.04402463,-0.03119193,-0.0150529,0.003950293,0.02515955,0.0492704,0.06983967,0.08867243,0.1049978,0.1188883,0.1305012,0.1402295,0.1487992,0.1561013,0.1680669,0.1811926,0.197264,0.2147409,0.232021,0.2478416,0.2611356,0.2709886,0.2776493,0.2842013,0.2939347,0.3107314,0.3351867,0.3655594,0.3986875,0.4305425,0.4569815,0.4797216,0.5049699,0.531982,0.5608423,0.5871307,0.6062342,0.6145238,0.6095496,0.5894519,0.5466711,0.4612944,0.3474729,0.2130724,0.07572023,-0.05165092,-0.1617224,-0.2521707,-0.3243629,-0.3833744,-0.4322284,-0.4671994,-0.4959351,-0.519486,-0.5382856,-0.5529436,-0.5638798,-0.5716903,-0.5774886,-0.5823975,-0.5862293,-0.5896494,-0.5924505,-0.5946392,-0.5964062,-0.597826,-0.5990351,-0.6001615,-0.6013725,-0.6025381,-0.6038283,-0.6051982,-0.6068449,-0.608676,-0.6105589,-0.6124427,-0.6143891,-0.616691,-0.6186185,-0.6202745,-0.6218395,-0.6231252,-0.62407,-0.6246399,-0.6248287,-0.6245155,-0.6234266,-0.6211147,-0.6175705,-0.6131392,-0.6085103,-0.6043853,-0.6011938,-0.5990763,-0.597695,-0.5967335,-0.5959932,-0.5950359,-0.59469,-0.5941404,-0.5935672,-0.5928304,-0.5920524,-0.5910711,-0.5896948,-0.5878531,-0.5860087,-0.5836754,-0.5813166,-0.578832,-0.5763458,-0.5740086,-0.5715826,-0.5689816,-0.5662006,-0.5629356,-0.5599116,-0.5558524,-0.5504188,-0.5442713,-0.5359058,-0.5263439,-0.5146989,-0.5008708,-0.4857877,-0.4693089,-0.4513081,-0.4316206,-0.408507,-0.385582,-0.3602677,-0.3351271,-0.3123375,-0.2938578,-0.2807384,-0.2717597,-0.2653429,-0.2635382,-0.2610983,-0.2615635,-0.2630168,-0.2646454,-0.2692941,-0.2743182,-0.2812719,-0.2893654,-0.2970841,-0.3064013,-0.3162321,-0.3237995,-0.3377097,-0.3480268,-0.3612447,-0.3715308,-0.3822235,-0.3942703,-0.4058105,-0.4177795,-0.4293605,-0.437822,-0.4499657,-0.4570301,-0.466978,-0.4782052,-0.4799954,-0.4909926,-0.4911733,-0.4979772,-0.4996051,-0.5000987,-0.5040858,-0.5021818,-0.4992394,-0.5044936,-0.4861698,-0.4968508,-0.488207,-0.4840593,-0.4855773,-0.4703331,-0.4798968,-0.4675993,-0.4559258,-0.4515817,-0.4405786,-0.4359989,-0.4327252,-0.4091926,-0.4114122,-0.381083,-0.3697581,-0.345668,-0.2928251,-0.274543,-0.2204619,-0.2212015,-0.18475,0,0,0,0,0,0,0,0,0,0,0,0,0,0,0,0,0
Cal,1,QLD,1/03/2016,Hard Green,Keitt,25,No,18.21929,0,0,0,0,0,0,0,0,-0.3295814,-0.2707994,-0.3214911,-0.3231856,-0.2584262,-0.2860667,-0.433784,-0.4235289,-0.3130461,-0.2979639,-0.3682901,-0.350665,-0.315587,-0.3420817,-0.3640547,-0.3066232,-0.4225517,-0.3921667,-0.4063348,-0.3809966,-0.3832083,-0.3712628,-0.3651778,-0.3583874,-0.3253437,-0.3025233,-0.1683423,-0.165814,-0.1356251,-0.03661438,0.03904254,0.1073309,0.188633,0.2650143,0.3163706,0.376586,0.4050518,0.4372473,0.4344198,0.4487093,0.4679586,0.4719402,0.4642446,0.4652259,0.4707201,0.4785157,0.4705445,0.4658523,0.4708579,0.4757181,0.4785614,0.4830994,0.484637,0.4912441,0.4941045,0.4983763,0.5055571,0.5130732,0.5172859,0.5209193,0.5268243,0.5280018,0.5296418,0.5286115,0.5321687,0.5297377,0.5255545,0.5211271,0.5176713,0.5150996,0.5087479,0.5070016,0.5068755,0.5028327,0.5017354,0.5010419,0.5005798,0.5016263,0.5036139,0.5023669,0.5001751,0.4981211,0.4935957,0.489097,0.4859823,0.4840366,0.4826394,0.4818631,0.481939,0.4802389,0.481615,0.4830372,0.4813065,0.4788491,0.4764142,0.473485,0.4705364,0.4684034,0.4685644,0.4726051,0.4773913,0.4846019,0.4929954,0.5007542,0.5069706,0.5115905,0.5123672,0.5175352,0.5222152,0.5300584,0.540794,0.554616,0.5691212,0.5819266,0.5938774,0.6066052,0.6206806,0.6363168,0.6544214,0.6713446,0.6835303,0.6895083,0.6900262,0.6861751,0.6705282,0.6349187,0.5836715,0.5145075,0.433206,0.345362,0.2558356,0.1688058,0.08730447,0.01026597,-0.06326773,-0.1227445,-0.1763107,-0.2236994,-0.2652547,-0.3008989,-0.3304383,-0.354744,-0.3748116,-0.3929147,-0.4060016,-0.4169915,-0.42621,-0.4337265,-0.4398961,-0.445092,-0.4495623,-0.4533717,-0.4573891,-0.460672,-0.4638751,-0.4667891,-0.4698021,-0.4729039,-0.4758734,-0.4786532,-0.4815786,-0.4844376,-0.4869794,-0.4893188,-0.4913199,-0.4930494,-0.49447,-0.4957118,-0.4967865,-0.4972119,-0.4972018,-0.4960268,-0.4938335,-0.4907966,-0.4874395,-0.4847245,-0.4830382,-0.4821981,-0.4818045,-0.4819878,-0.4822644,-0.482822,-0.4831121,-0.4836757,-0.4840498,-0.4842121,-0.4842371,-0.4840285,-0.4835927,-0.4826232,-0.4812238,-0.4796415,-0.4781234,-0.4759923,-0.4739931,-0.4719689,-0.4699703,-0.4679234,-0.4655043,-0.4628671,-0.4599561,-0.45617,-0.4519816,-0.4473585,-0.4415737,-0.4343928,-0.4259409,-0.4162349,-0.4053701,-0.393631,-0.3813075,-0.3680984,-0.3524929,-0.3361799,-0.3196351,-0.3034538,-0.2891027,-0.2776304,-0.2692366,-0.2635853,-0.2606926,-0.2595188,-0.2577762,-0.2590016,-0.259355,-0.2620596,-0.2640189,-0.2672738,-0.2721417,-0.2773308,-0.2827683,-0.2891364,-0.2947458,-0.3025421,-0.3111689,-0.3176942,-0.3252993,-0.3333477,-0.3426205,-0.3507482,-0.3581048,-0.3662345,-0.3745344,-0.3819291,-0.3899073,-0.3927594,-0.4024068,-0.4074896,-0.4121356,-0.4204411,-0.4261574,-0.4256353,-0.4273845,-0.4289919,-0.4302644,-0.4325503,-0.4271286,-0.4235841,-0.428647,-0.434991,-0.4360985,-0.4158762,-0.4132416,-0.4058295,-0.4088293,-0.4128512,-0.3972605,-0.3820294,-0.3802184,-0.3741802,-0.3674913,-0.3590965,-0.3208252,-0.2988662,-0.3218685,-0.2654975,-0.2557669,-0.1954851,-0.162451,-0.1155791,-0.08807199,0,0,0,0,0,0,0,0,0,0,0,0,0,0,0,0,0
Cal,2,NT,18/10/2016,Hard Green,R2E2,34,No,16.47142,0,0,0,0,0,0,0,0,0,0,0,0,0,0,0,0,0,0,0,0,0,0,0,0,0,0,0,0,0,-0.6978263,-1.082973,-0.8778131,-0.794377,-0.5931331,-0.4183018,-0.3505593,-0.2345969,-0.145875,-0.04386231,0.04717026,0.1117618,0.162431,0.2067216,0.2477866,0.2862979,0.276172,0.2827986,0.2856703,0.2860745,0.2857688,0.2836729,0.2839786,0.28373,0.2808958,0.2737025,0.2699663,0.2677472,0.2644276,0.2632846,0.2673459,0.2706698,0.2731939,0.2785874,0.2850332,0.2899029,0.2933403,0.2949081,0.294351,0.2912991,0.2842682,0.2691723,0.2536458,0.2319632,0.2072214,0.1805539,0.1515068,0.1207087,0.08988006,0.0596726,0.02999858,0.006242972,-0.01243709,-0.02638117,-0.03631507,-0.04307897,-0.04759665,-0.05068885,-0.05252092,-0.05363138,-0.05194445,-0.0479521,-0.04118264,-0.03204271,-0.02053478,-0.00657755,0.009561575,0.02736503,0.0477802,0.06456253,0.07960747,0.09271204,0.1033561,0.1119417,0.1190897,0.1250894,0.1308182,0.1388177,0.1486122,0.1601681,0.1732395,0.1863421,0.1984973,0.2089069,0.2164994,0.2221469,0.2284246,0.2362665,0.2494892,0.2679439,0.2902513,0.314294,0.3375392,0.3574115,0.3749991,0.3957446,0.4178478,0.4417455,0.4639123,0.4809296,0.4895235,0.4871193,0.4722173,0.4381552,0.3745915,0.2898908,0.1878855,0.07868963,-0.02827636,-0.1261803,-0.2112423,-0.2822916,-0.3422631,-0.3930509,-0.4299099,-0.4601517,-0.4847901,-0.5042748,-0.5191575,-0.5299374,-0.5374896,-0.5427162,-0.5474144,-0.5512792,-0.554648,-0.5574979,-0.559797,-0.5616691,-0.5632291,-0.5646865,-0.5659933,-0.5675578,-0.5691276,-0.5706633,-0.5723524,-0.5742866,-0.5763608,-0.5784837,-0.5806656,-0.5831,-0.5855444,-0.5878316,-0.5897777,-0.5914816,-0.5928219,-0.5938022,-0.5942758,-0.5941484,-0.5934895,-0.5921357,-0.5890509,-0.5847268,-0.5793006,-0.5736032,-0.5686548,-0.5649126,-0.5623949,-0.5607783,-0.5598897,-0.5591417,-0.5584405,-0.557986,-0.5574509,-0.5569474,-0.5562906,-0.5554591,-0.5543288,-0.5528743,-0.5508814,-0.5487264,-0.5460611,-0.5430937,-0.5402552,-0.5373803,-0.5344611,-0.5314293,-0.5282367,-0.5248729,-0.5213497,-0.5173668,-0.5122058,-0.50637,-0.4993764,-0.4907748,-0.4804538,-0.4683446,-0.4545574,-0.4393884,-0.4230029,-0.4057881,-0.387105,-0.3663512,-0.3449409,-0.3225586,-0.3004772,-0.2809747,-0.2653222,-0.2540359,-0.2466349,-0.2419559,-0.239338,-0.2384054,-0.2388001,-0.2401072,-0.2429258,-0.2468019,-0.2515439,-0.2571763,-0.2638251,-0.2712418,-0.2789227,-0.2870365,-0.2964138,-0.3061458,-0.3161925,-0.3267909,-0.3361857,-0.3468198,-0.3572855,-0.3682312,-0.3784939,-0.3876407,-0.3977869,-0.4058744,-0.4150411,-0.4243212,-0.431928,-0.4372906,-0.442636,-0.4468726,-0.4503567,-0.4547981,-0.458599,-0.4579784,-0.4549912,-0.4548646,-0.4515745,-0.4507767,-0.4443496,-0.4424093,-0.4355146,-0.4242288,-0.409628,-0.4107628,-0.4050606,-0.3914147,-0.37624,-0.3636199,-0.3506711,-0.322292,-0.2833587,-0.2541595,-0.2281559,-0.1732564,-0.0731518,-0.02431175,0.06505638,0.1503197,0.141494,0.2201912,0,0,0,0,0,0,0,0,0,0,0,0,0,0,0,0,0
Cal,2,NT,15/11/2016,Hard Green,Caly,39,No,16.32326,0,0,0,0,0,0,0,0,0,0,0,0,0,0,0,0,0,0,0,0,0,0,0,0,0,0,0,0,0,0,-0.2478306,-0.564275,-0.5470766,-0.4082597,-0.2098437,-0.1901143,-0.06652865,0.002948694,0.09536428,0.1770373,0.2442974,0.304424,0.2905469,0.3119901,0.3253703,0.3289081,0.3310957,0.3291847,0.3234163,0.3185926,0.3160908,0.30925,0.3128979,0.3154754,0.3200553,0.3179958,0.3188617,0.3216299,0.3261858,0.3327935,0.3365269,0.3431216,0.3477634,0.3580221,0.3692729,0.3767232,0.3850603,0.3958974,0.4043936,0.4062509,0.4129427,0.4179257,0.4217228,0.424825,0.4308944,0.4348273,0.4364991,0.4400978,0.4412532,0.4434714,0.4465553,0.4491674,0.4496365,0.4487111,0.4464249,0.4426755,0.4371835,0.4287726,0.4166365,0.4013634,0.3829424,0.3611155,0.3356336,0.3073466,0.2772635,0.2459678,0.2142551,0.1788473,0.1474922,0.1177134,0.08871769,0.06095938,0.03472646,0.01024682,-0.01208301,-0.03194051,-0.0497612,-0.06095194,-0.06857409,-0.07333523,-0.07623304,-0.07847641,-0.0809553,-0.08395816,-0.08827341,-0.09137632,-0.09064692,-0.08466125,-0.07237998,-0.05476468,-0.03368018,-0.01169912,0.008480346,0.02853901,0.05434453,0.08449417,0.1195517,0.1540077,0.1825355,0.2001962,0.2024914,0.1851965,0.1391206,0.05256821,-0.04791851,-0.1505511,-0.243323,-0.3204772,-0.3809212,-0.4265111,-0.4602491,-0.4857306,-0.5053405,-0.5182889,-0.5281608,-0.5355607,-0.5407372,-0.5439322,-0.5452585,-0.5453777,-0.5448806,-0.5447403,-0.545416,-0.5463846,-0.5474377,-0.5484771,-0.549605,-0.5507179,-0.5517097,-0.552987,-0.5545114,-0.5560049,-0.5575996,-0.5593607,-0.561229,-0.5631906,-0.5652122,-0.5671968,-0.5693228,-0.5715292,-0.573625,-0.5753422,-0.5769783,-0.5782802,-0.5791813,-0.5797067,-0.5798417,-0.5793896,-0.5783845,-0.576104,-0.5727618,-0.5685122,-0.5640842,-0.5602508,-0.5573747,-0.5555367,-0.5544204,-0.5536795,-0.5532432,-0.5526866,-0.5523726,-0.552107,-0.5517597,-0.5512615,-0.5506579,-0.5497673,-0.548596,-0.5471781,-0.5452424,-0.5431416,-0.5408541,-0.5386267,-0.5362686,-0.5338804,-0.5313213,-0.5286549,-0.5260478,-0.523166,-0.5196154,-0.5152606,-0.5104457,-0.5045354,-0.497428,-0.4886777,-0.4780542,-0.4659305,-0.4528224,-0.4386382,-0.4234376,-0.4062392,-0.3869753,-0.3669306,-0.3458701,-0.3249632,-0.3061191,-0.2909215,-0.280195,-0.2732715,-0.2687227,-0.2658749,-0.2647414,-0.2647646,-0.2662158,-0.2695519,-0.2727524,-0.2769668,-0.2826095,-0.2889642,-0.2957131,-0.3032619,-0.3111867,-0.3203551,-0.3287093,-0.338276,-0.3481992,-0.3586801,-0.3687917,-0.3774199,-0.3867552,-0.396493,-0.4051327,-0.4131323,-0.4193426,-0.4304373,-0.4371021,-0.4447433,-0.4491462,-0.4528234,-0.4580413,-0.4617848,-0.4639384,-0.462584,-0.4616852,-0.4644583,-0.464545,-0.4655525,-0.4617687,-0.4529402,-0.452487,-0.4379428,-0.4283533,-0.4269096,-0.4192993,-0.410753,-0.3890941,-0.3746545,-0.3625825,-0.3384145,-0.3342255,-0.2958909,-0.2493304,-0.201835,-0.1093428,-0.05606945,0.04035628,0.1543078,0.2936841,0.53984,0.551693,0,0,0,0,0,0,0,0,0,0,0,0,0,0,0,0,0
Cal,3,NT,27/09/2017,Hard Green,KP,52,No,13.89881,0,0,0,0,0,0,0,0,0,0,0,0,0,0,0,0,0,0,0,0,0,0,0,0,0,0,0,0,0,0,-0.2067458,-0.3427785,-0.02744852,0.1861858,0,0.116528,0.2013556,0.6518837,0.5834717,0.4085813,0.4396373,0.516203,0.566657,0.5676764,0.5354596,0.5360808,0.5703883,0.5546542,0.5236737,0.5171734,0.5278273,0.5231185,0.5148535,0.5092403,0.5031152,0.5199068,0.5120713,0.5006641,0.5026933,0.5090476,0.508203,0.5122688,0.5177072,0.522737,0.5362797,0.5371324,0.5358101,0.5401828,0.5423061,0.5314302,0.5197902,0.5062537,0.4865568,0.4668167,0.4401911,0.4100431,0.3811356,0.3525907,0.3189903,0.2877486,0.2638516,0.2443261,0.230496,0.2199588,0.2123786,0.2082116,0.2063094,0.2032233,0.2024581,0.2058124,0.2096007,0.2172026,0.2278307,0.2409836,0.2571431,0.2763178,0.2948733,0.3165012,0.3359693,0.3511736,0.3647017,0.3767604,0.3865567,0.3942132,0.401395,0.4080809,0.4163822,0.4281765,0.4382355,0.4503352,0.4637992,0.4759098,0.4850993,0.4925903,0.4992063,0.5045777,0.5149069,0.5269135,0.545973,0.5713864,0.5972651,0.6191916,0.6388435,0.6565585,0.6731573,0.6934566,0.7109516,0.7288988,0.7454234,0.7528391,0.7470126,0.7349802,0.7083741,0.6500311,0.5695735,0.4664575,0.3515826,0.234932,0.1238249,0.02345048,-0.06273027,-0.1381482,-0.2050657,-0.2554055,-0.2983651,-0.3347466,-0.365004,-0.3897494,-0.4095084,-0.4249155,-0.4367769,-0.447687,-0.4557403,-0.4622696,-0.4676039,-0.4718705,-0.4753757,-0.4782836,-0.4806039,-0.4824052,-0.4846573,-0.4865392,-0.4881418,-0.4899847,-0.4920048,-0.494021,-0.4960218,-0.4980697,-0.5001622,-0.5025162,-0.5047029,-0.5063506,-0.5080469,-0.5095125,-0.5105809,-0.5112476,-0.511502,-0.511171,-0.5106111,-0.5085592,-0.505209,-0.5014365,-0.497449,-0.4937571,-0.4909885,-0.4892937,-0.4881786,-0.4875256,-0.4872493,-0.4864753,-0.4864542,-0.4862327,-0.4859712,-0.4857566,-0.4853724,-0.4845553,-0.4835507,-0.4823533,-0.4804033,-0.4786799,-0.4765067,-0.4739079,-0.4720098,-0.4699723,-0.4675359,-0.4650575,-0.4625185,-0.4595036,-0.4568481,-0.4530092,-0.4481445,-0.4432042,-0.4367088,-0.4286159,-0.4193321,-0.4086163,-0.3966135,-0.3842094,-0.3705327,-0.3545957,-0.3389495,-0.3215407,-0.3026028,-0.2847404,-0.268267,-0.254758,-0.2449925,-0.2377555,-0.2327932,-0.2319651,-0.2299758,-0.2287206,-0.2313223,-0.2328431,-0.2356072,-0.2392906,-0.2434677,-0.2494132,-0.2563757,-0.261407,-0.2672321,-0.2779675,-0.2855858,-0.2935798,-0.3021332,-0.3097252,-0.320095,-0.3289296,-0.3356605,-0.3452486,-0.3570445,-0.3639973,-0.3699444,-0.3778989,-0.3848365,-0.3964817,-0.3979559,-0.3990124,-0.4103773,-0.4133343,-0.411754,-0.4139128,-0.417372,-0.4203389,-0.4231601,-0.4112183,-0.403642,-0.4216138,-0.4083441,-0.3938477,-0.3897197,-0.3879351,-0.3880744,-0.3742422,-0.3465643,-0.3533374,-0.3597746,-0.2947675,-0.236697,-0.2513464,-0.2682625,-0.2485015,-0.1374958,-0.06446837,0.1373839,0.140112,0.03470448,0.4558441,0.8070583,0,0,0,0,0,0,0,0,0,0,0,0,0,0,0,0,0
Cal,3,NT,9/10/2017,Hard Green,Caly,59,No,13.79604,0,0,0,0,0,0,0,0,0,0,0,0,0,0,0,0,0,0,0,0,0,0,0,0,0,0,0,0,0,0,-0.01514961,-0.02311489,-0.03260105,-0.1470622,0.04128465,0.1260811,0.2760657,0.3279814,0.3244585,0.352793,0.4085563,0.4441536,0.486907,0.5023303,0.4998232,0.4807395,0.4930118,0.482366,0.4690365,0.46709,0.4669744,0.4647049,0.4598763,0.4529407,0.4491839,0.4498936,0.4490558,0.4476218,0.4477396,0.4502957,0.4554914,0.4647455,0.4657695,0.4714359,0.476274,0.479885,0.4835714,0.4859656,0.4854191,0.4848572,0.4818323,0.4680658,0.4556549,0.439822,0.4208593,0.3988231,0.3738604,0.3471187,0.3210413,0.2930126,0.2709211,0.2527544,0.2389038,0.2279007,0.2197728,0.2136867,0.2077214,0.2024115,0.1977498,0.1939395,0.1931027,0.1939948,0.1975209,0.2042675,0.2141444,0.2267254,0.2416169,0.258973,0.2740706,0.2874168,0.299062,0.3089827,0.3171449,0.3236965,0.3292698,0.3348059,0.3428179,0.3528405,0.3653573,0.3790659,0.3930048,0.4061553,0.4172671,0.4254326,0.4324083,0.4385654,0.4480476,0.4625349,0.482105,0.5060149,0.5317494,0.5558964,0.5757086,0.5936239,0.6105991,0.6301883,0.6514228,0.6707926,0.6860235,0.6936862,0.6915383,0.6812893,0.6549425,0.5985595,0.5161648,0.4082828,0.2859381,0.1618107,0.04577824,-0.05631865,-0.1421661,-0.215701,-0.279342,-0.3266109,-0.3667313,-0.4004654,-0.4282837,-0.4507867,-0.4684485,-0.4820075,-0.4925661,-0.5019601,-0.5088885,-0.5147142,-0.5194526,-0.5232078,-0.5262753,-0.5287954,-0.5308284,-0.5324551,-0.5343205,-0.5358595,-0.5375073,-0.5392298,-0.5410557,-0.5429729,-0.5449077,-0.5468339,-0.5491406,-0.5513265,-0.5534799,-0.5553637,-0.5570862,-0.5584578,-0.5595181,-0.5602041,-0.5604337,-0.5602156,-0.5595311,-0.5573811,-0.5541891,-0.5500352,-0.5457827,-0.5421422,-0.5393659,-0.5375188,-0.5363718,-0.53562,-0.5351414,-0.5347775,-0.5344433,-0.5341528,-0.5338042,-0.5333704,-0.5328389,-0.5319855,-0.5308077,-0.5292953,-0.5276363,-0.5254593,-0.5231796,-0.5208361,-0.5184758,-0.5163067,-0.5138884,-0.5111958,-0.5085715,-0.5055799,-0.5025086,-0.4983748,-0.4936928,-0.4879121,-0.4806783,-0.4718021,-0.4613244,-0.4493603,-0.43614,-0.4218429,-0.4066005,-0.3890871,-0.3701741,-0.3506339,-0.3297942,-0.3090403,-0.2903844,-0.2754054,-0.2644841,-0.2569064,-0.2522171,-0.2497346,-0.2479367,-0.2482684,-0.2496175,-0.2509468,-0.254086,-0.2587726,-0.2643888,-0.2705607,-0.2770842,-0.2840122,-0.2916822,-0.3001352,-0.3095364,-0.3194504,-0.3288918,-0.3381966,-0.3481774,-0.3569724,-0.3671038,-0.3782033,-0.3880261,-0.3970809,-0.4038338,-0.4123378,-0.4207351,-0.4293853,-0.4356107,-0.4411389,-0.4442061,-0.4467673,-0.4501828,-0.453059,-0.4549684,-0.4550924,-0.4519684,-0.4517591,-0.4490414,-0.4468195,-0.4478338,-0.4321768,-0.4288253,-0.419363,-0.4126053,-0.4045983,-0.3974236,-0.3794216,-0.3566459,-0.3369116,-0.3024267,-0.2872882,-0.2680444,-0.2427645,-0.2039303,-0.03015593,0.2764112,0.3218556,0.8273913,1.086336,1.317481,0,0,0,0,0,0,0,0,0,0,0,0,0,0,0,0,0
Cal,3,NT,23/10/2017,Hard Green,1201,64,Mid,17.52939,0,0,0,0,0,0,0,0,0,0,0,0,0,0,0,0,0,0,0,0,0,0,0,0,0,0,0,0,0,-0.6238848,-0.6126711,-0.3714863,-0.9322278,-0.02379394,0.2940759,0.03553074,0.1442292,0.164846,0.2370349,0.3837054,0.4441229,0.3773184,0.4873109,0.5207609,0.4933344,0.5050598,0.4884136,0.4817457,0.4900639,0.4845884,0.4610003,0.4745075,0.4872336,0.4556364,0.4535463,0.4514652,0.4496785,0.4480752,0.444957,0.4420776,0.4480529,0.4669987,0.451987,0.4638292,0.4700558,0.4705362,0.4712656,0.4702032,0.4639962,0.4616597,0.4539765,0.428593,0.4091009,0.3868558,0.3557223,0.3197597,0.282606,0.2440222,0.205043,0.165108,0.1291215,0.1026783,0.08203073,0.06504207,0.05188527,0.04252649,0.03552739,0.02985047,0.02625481,0.02451773,0.02677466,0.03185001,0.03973955,0.05051178,0.0642809,0.08106018,0.1001183,0.1227311,0.1416107,0.1578571,0.172888,0.1859196,0.1966525,0.2054565,0.2129429,0.2197187,0.2297411,0.2407372,0.2536007,0.2683335,0.283779,0.2979227,0.3090914,0.3172165,0.3242461,0.3315908,0.342415,0.3594189,0.3839859,0.414477,0.4463581,0.4751247,0.4990984,0.520443,0.5418235,0.563616,0.5878666,0.6107718,0.6286933,0.637377,0.6340543,0.6194068,0.5860384,0.510424,0.4057965,0.2792478,0.1453166,0.01731685,-0.09623652,-0.1918807,-0.2695137,-0.3336363,-0.3877356,-0.4267652,-0.4587282,-0.4849419,-0.5059335,-0.522242,-0.5343421,-0.5430742,-0.5492595,-0.5549002,-0.5593429,-0.5631135,-0.5663474,-0.5689791,-0.5711458,-0.5729872,-0.5746641,-0.57611,-0.5778508,-0.5795133,-0.5811238,-0.5829576,-0.5849658,-0.5870267,-0.5892035,-0.5915533,-0.593873,-0.596323,-0.5986878,-0.6006634,-0.6025189,-0.6039673,-0.6050108,-0.6056628,-0.6058376,-0.6053471,-0.6043143,-0.6017116,-0.597896,-0.5931231,-0.5880732,-0.5835426,-0.5801231,-0.5779175,-0.5764346,-0.575444,-0.5747135,-0.5740505,-0.5736502,-0.5732264,-0.5726397,-0.5721408,-0.5715362,-0.5703315,-0.5686994,-0.5669954,-0.5648354,-0.5621575,-0.5594004,-0.5563236,-0.5536661,-0.5509005,-0.5477185,-0.5444324,-0.5412416,-0.5376675,-0.533706,-0.5287824,-0.5228275,-0.5162618,-0.5078813,-0.4973508,-0.4851913,-0.4714085,-0.455935,-0.4392919,-0.4215967,-0.4012648,-0.3785322,-0.3561623,-0.3306996,-0.3062646,-0.2839872,-0.265611,-0.2526572,-0.2440021,-0.2372364,-0.2330683,-0.2327777,-0.2316618,-0.2331998,-0.2361188,-0.2399653,-0.2455397,-0.2517559,-0.2581277,-0.2662336,-0.2763515,-0.2842148,-0.2933415,-0.3046731,-0.3171529,-0.3292716,-0.3399185,-0.3501996,-0.3625723,-0.3743149,-0.383589,-0.3935443,-0.4065379,-0.4182546,-0.4276956,-0.4336422,-0.4416192,-0.4550478,-0.4606652,-0.4590624,-0.4652933,-0.475171,-0.4780425,-0.4741493,-0.4712009,-0.4733464,-0.4804218,-0.4736103,-0.4508432,-0.4609463,-0.4790286,-0.4587039,-0.4388649,-0.4236704,-0.4329208,-0.432069,-0.3924671,-0.3592886,-0.3823973,-0.4090793,-0.3534377,-0.2782441,-0.2484569,-0.167418,-0.1207887,0.07527311,0.2009381,0.2589759,0.2289932,0.2953896,0,0,0,0,0,0,0,0,0,0,0,0,0,0,0,0,0
Cal,3,NT,23/10/2017,Hard Green,KP,69,No,22.48911,0,0,0,0,0,0,0,0,0,0,0,0,0,0,0,0,0,0,0,0,0,0,0,0,0,0,0,0,-0.5142806,-0.3246919,-0.2317097,-0.4960975,-0.4242956,-0.3340613,-0.1212758,0.576447,0.1607357,0.05210036,0.1649914,0.274385,0.3259014,0.3679239,0.3589441,0.3817191,0.4622276,0.406838,0.3894304,0.3901334,0.3917933,0.3942516,0.3973449,0.3860009,0.3754517,0.3958613,0.3816843,0.3729074,0.3714327,0.3734612,0.3769871,0.3799137,0.3767273,0.3744336,0.38714,0.3869169,0.3887211,0.3926533,0.3951669,0.3959326,0.394935,0.3865896,0.3740799,0.3621687,0.3386969,0.3131987,0.2854446,0.2547058,0.2225241,0.1907945,0.1578499,0.124766,0.09614365,0.07173385,0.05116124,0.03396029,0.01951296,0.007520147,-0.002381236,-0.01138279,-0.01889427,-0.02305877,-0.02483691,-0.02445105,-0.02216982,-0.01789409,-0.01137828,-0.002542773,0.008479288,0.02193971,0.03456604,0.04562797,0.05560061,0.06414911,0.07126334,0.07706881,0.0816516,0.0856502,0.09253515,0.1016734,0.1126964,0.1248099,0.1373093,0.1491439,0.1590833,0.1662613,0.1709011,0.1767045,0.1860752,0.2010285,0.2216626,0.2475814,0.2759255,0.3028157,0.3258999,0.3457512,0.3680471,0.3954312,0.4251062,0.45178,0.4723044,0.4828689,0.4795621,0.4600078,0.4136725,0.3232301,0.2125584,0.08808352,-0.03395307,-0.142773,-0.2335368,-0.3057863,-0.3613531,-0.4053315,-0.4405705,-0.4644852,-0.4837132,-0.4989163,-0.510569,-0.5192838,-0.5253332,-0.5291626,-0.5318981,-0.5341525,-0.5360434,-0.5379076,-0.5393921,-0.5405618,-0.5416729,-0.5426766,-0.5434819,-0.5445682,-0.5459597,-0.5471436,-0.5485259,-0.5500826,-0.5518349,-0.5536934,-0.5555959,-0.5575622,-0.5597801,-0.5618752,-0.563872,-0.5657605,-0.5673003,-0.5686656,-0.5697078,-0.5702701,-0.5704552,-0.5703635,-0.5696323,-0.5675758,-0.5646003,-0.5607741,-0.5567802,-0.5531604,-0.55024,-0.5483192,-0.5472617,-0.5464916,-0.545808,-0.545349,-0.5447829,-0.5445544,-0.5441899,-0.543514,-0.5428668,-0.5420342,-0.5406497,-0.5390358,-0.5369278,-0.5342334,-0.5317765,-0.5291855,-0.5263365,-0.5235336,-0.5206106,-0.5175483,-0.5145096,-0.5111529,-0.5073007,-0.5033284,-0.4988473,-0.4930197,-0.4862502,-0.4780493,-0.4684506,-0.4574514,-0.4448426,-0.4307106,-0.4162883,-0.399996,-0.3816521,-0.3618742,-0.3407347,-0.3198323,-0.3006467,-0.2843188,-0.2721036,-0.2640305,-0.2585328,-0.2546884,-0.2525935,-0.2512959,-0.2520248,-0.2539978,-0.2557884,-0.2595978,-0.2651653,-0.2715427,-0.2784224,-0.2855742,-0.2928785,-0.3004833,-0.3095695,-0.3183385,-0.3287881,-0.339484,-0.3496422,-0.3586531,-0.3678323,-0.3770677,-0.3860166,-0.3951118,-0.4021481,-0.4118901,-0.4222367,-0.4263653,-0.4317328,-0.4361941,-0.4416668,-0.4457228,-0.44716,-0.4494691,-0.4527814,-0.452962,-0.4496858,-0.4458343,-0.4428375,-0.4397641,-0.4443119,-0.4266902,-0.4176582,-0.4232292,-0.410756,-0.3992592,-0.3858325,-0.3671128,-0.3611967,-0.3483313,-0.2954998,-0.2894044,-0.3019586,-0.243158,-0.1783276,-0.04332926,0.1444589,0.0422844,0.2842455,0.3406337,0.2464936,0,0,0,0,0,0,0,0,0,0,0,0,0,0,0,0,0
Cal,3,QLD,1/12/2017,Hard Green,Caly,77,No,13.53957,0,0,0,0,0,0,0,0,0,0,0,0,0,0,0,0,0,0,0,0,0,0,0,0,0,0,0,0,0,0,0,0,0,0,0,0,0.8236447,0.2875534,0.8664353,1.183063,0.7785218,0.6650618,0.700277,0.7572429,0.6881101,0.6379637,0.6216763,0.6086416,0.5948157,0.5746258,0.5511555,0.5495461,0.5360128,0.5333868,0.5176824,0.5216739,0.5200052,0.5248923,0.5275518,0.5167447,0.5214865,0.5216246,0.5425432,0.5404412,0.5459182,0.5464565,0.5537694,0.5623958,0.5604208,0.5660955,0.5645612,0.5753807,0.5722252,0.5788152,0.5789567,0.5804057,0.5839089,0.5824924,0.5886713,0.587014,0.5968969,0.5945985,0.6011452,0.6042627,0.6061847,0.6086911,0.607872,0.6105816,0.6071389,0.6043497,0.5960923,0.5889769,0.5799556,0.5700083,0.5595493,0.5465864,0.5350514,0.5198518,0.5056747,0.4895687,0.4730759,0.4560981,0.4390098,0.4219303,0.4048041,0.3909841,0.3794952,0.374986,0.3738384,0.3762641,0.380716,0.3853855,0.3889551,0.3908054,0.3907857,0.3911476,0.3945094,0.4011685,0.4130608,0.4296315,0.4490901,0.469056,0.487036,0.5063689,0.5294603,0.5551753,0.5824208,0.608539,0.6291516,0.6421934,0.645882,0.6358494,0.6123719,0.5546913,0.472087,0.3651841,0.246657,0.1270227,0.01510708,-0.08327688,-0.1671899,-0.2387133,-0.3009861,-0.3469665,-0.3859787,-0.418572,-0.4452969,-0.4666819,-0.4831975,-0.495945,-0.5057607,-0.5145574,-0.5209751,-0.5266816,-0.5314596,-0.5353405,-0.5385497,-0.5412493,-0.5436432,-0.5457072,-0.5478605,-0.5497939,-0.5518055,-0.5538484,-0.5560085,-0.5582755,-0.560595,-0.5628937,-0.5652609,-0.5677972,-0.5703007,-0.5723963,-0.5742996,-0.5759351,-0.5772545,-0.5781188,-0.5785011,-0.5784937,-0.5778679,-0.5759093,-0.572682,-0.568745,-0.5645229,-0.5608152,-0.5579833,-0.5561545,-0.5550885,-0.5543627,-0.5539364,-0.5534026,-0.5531249,-0.5527947,-0.5524616,-0.5519266,-0.5513199,-0.5504779,-0.549266,-0.5478626,-0.5459346,-0.5437404,-0.5414084,-0.5391519,-0.5367505,-0.5343511,-0.5319362,-0.5294939,-0.5269368,-0.5239238,-0.5205267,-0.5163586,-0.5117115,-0.5058329,-0.4981268,-0.4890603,-0.4783071,-0.4658186,-0.4519104,-0.4365415,-0.4203679,-0.4022194,-0.3817513,-0.3600785,-0.3374451,-0.3152475,-0.2955296,-0.2791524,-0.2670966,-0.2594408,-0.2545637,-0.2519861,-0.2492003,-0.2493876,-0.2503901,-0.2524884,-0.2553199,-0.2596722,-0.2653589,-0.2714512,-0.2776383,-0.2847699,-0.2933993,-0.3023283,-0.3120926,-0.3222113,-0.3333647,-0.3432955,-0.3523919,-0.3627613,-0.3730642,-0.3842964,-0.3955161,-0.4028841,-0.4127914,-0.4193993,-0.4337716,-0.4400267,-0.4467928,-0.4492925,-0.4582316,-0.4622481,-0.4654161,-0.4633343,-0.4616035,-0.4686505,-0.4710379,-0.4701196,-0.4558211,-0.4525928,-0.4562121,-0.4576613,-0.435969,-0.4112936,-0.4055469,-0.4226511,-0.4124997,-0.3691045,-0.3354698,-0.33234,-0.3360355,-0.29648,-0.199388,-0.1050252,-0.07033397,0.01897642,0.5265694,0.1142373,0,0,0,0,0,0,0,0,0,0,0,0,0,0,0,0,0,0,0,0
Cal,3,QLD,4/01/2018,Ripen,R2E2,83,No,19.25793,0,0,0,0,0,0,0,0,0,0,0,0,0,0,0,0,0,0,0,0,0,0,0,0,0,0,0,0,0,0,0,-0.182571,-0.4730001,-0.114425,-0.2968394,0.1012645,0.0606347,0.1482493,0.2327284,0.2596526,0.3037765,0.3964339,0.39429,0.4478941,0.4237723,0.4477909,0.4383891,0.4308773,0.4275319,0.4265058,0.4256366,0.4154766,0.4256823,0.4145747,0.4117424,0.4094701,0.4144837,0.4171212,0.4155703,0.4153675,0.4154003,0.4196565,0.4183561,0.4194556,0.424912,0.4312645,0.4354086,0.4342444,0.429551,0.4301547,0.4174714,0.4085892,0.3919641,0.3762674,0.3532456,0.3278449,0.3024622,0.2744775,0.2475912,0.21347,0.1800088,0.1498625,0.1205537,0.09192336,0.06330557,0.03516044,0.008545835,-0.01760153,-0.04227937,-0.06268421,-0.07707181,-0.09045777,-0.1023879,-0.1129579,-0.1216869,-0.1270761,-0.1293007,-0.1290159,-0.1268089,-0.1247485,-0.1229161,-0.1220392,-0.1219131,-0.1222946,-0.1233197,-0.1229104,-0.1202472,-0.1130673,-0.1035729,-0.09209531,-0.0803228,-0.06999718,-0.06212944,-0.05689165,-0.05444921,-0.05186639,-0.0478601,-0.03875105,-0.02424161,-0.003604241,0.02124727,0.04728758,0.07368047,0.1019423,0.140776,0.1845257,0.2332976,0.2785899,0.3121462,0.3281918,0.3225473,0.2904544,0.2215125,0.09932444,-0.03449865,-0.1661161,-0.2807243,-0.3727103,-0.4421918,-0.4922006,-0.5267898,-0.5513526,-0.5684643,-0.5789499,-0.5860136,-0.5909685,-0.5939087,-0.5951521,-0.5948794,-0.5933621,-0.5916668,-0.5904397,-0.5899455,-0.590122,-0.5905362,-0.591042,-0.5915992,-0.5921929,-0.593066,-0.5940369,-0.5955934,-0.5969079,-0.5984858,-0.6003079,-0.6023293,-0.6045094,-0.6068332,-0.6092541,-0.611854,-0.6142849,-0.6166406,-0.6188933,-0.6210996,-0.622754,-0.6239831,-0.6248503,-0.6252534,-0.6251273,-0.6245531,-0.6223788,-0.6192954,-0.6147494,-0.610113,-0.6060752,-0.6030273,-0.6009346,-0.5993224,-0.5982456,-0.5975305,-0.5968045,-0.5962437,-0.5956399,-0.5951815,-0.5943934,-0.5934954,-0.5923821,-0.5908201,-0.589213,-0.5866243,-0.5840468,-0.5812311,-0.5784301,-0.5754756,-0.5724268,-0.5694972,-0.5664576,-0.5630407,-0.5599289,-0.5560811,-0.5519542,-0.5458783,-0.5397923,-0.5316033,-0.522123,-0.510658,-0.497146,-0.4823917,-0.4661641,-0.4480088,-0.4287044,-0.4059103,-0.3842118,-0.3585573,-0.3341194,-0.3112999,-0.2931982,-0.2800748,-0.2701409,-0.2647761,-0.2594671,-0.2565787,-0.2559728,-0.2570644,-0.2601044,-0.2623184,-0.2664888,-0.2719241,-0.2790912,-0.2873603,-0.2944379,-0.3047785,-0.3127121,-0.3237165,-0.3339324,-0.3459288,-0.3579497,-0.3680112,-0.3784172,-0.3903034,-0.4030762,-0.4139872,-0.4219495,-0.433393,-0.4421242,-0.4509329,-0.4613349,-0.4665377,-0.4759819,-0.4780074,-0.4816824,-0.4875893,-0.4949073,-0.4966041,-0.4891899,-0.4861468,-0.4910374,-0.4887942,-0.4841447,-0.4706312,-0.475886,-0.4593836,-0.4557577,-0.4434858,-0.4529031,-0.4408138,-0.4081674,-0.3987856,-0.3960135,-0.3749319,-0.3764068,-0.2957181,-0.3263821,-0.1067216,-0.2184852,-0.03420499,-0.1708157,-0.0102002,0.03130187,0.1313928,0,0,0,0,0,0,0,0,0,0,0,0,0,0,0,0,0
Cal,3,QLD,26/01/2018,Hard Green,HG,91,No,18.41046,0,0,0,0,0,0,0,0,0,0,0,0,0,0,0,0,0,0,0,0,0,0,0,0,0,0,0,0,0,0,0,0.06111462,0.07817392,-0.3539867,-0.1940637,-0.03769351,0.1647728,0.2036974,0.2268072,0.277602,0.3391673,0.3824283,0.3876478,0.401708,0.4208041,0.4190426,0.4047432,0.393643,0.3922359,0.3940627,0.3907108,0.3843044,0.3770204,0.3679556,0.3610566,0.3550877,0.3497225,0.3463422,0.344181,0.3425724,0.3441768,0.3469231,0.3557975,0.3566176,0.3582902,0.3589835,0.3599642,0.3588205,0.3516238,0.3399378,0.3209106,0.2977165,0.2698274,0.2412136,0.2112916,0.1807705,0.149592,0.117735,0.08821288,0.05900926,0.03506441,0.01588244,0.000622172,-0.01134619,-0.02067399,-0.02800494,-0.03391464,-0.03862878,-0.04299723,-0.04442621,-0.0437041,-0.04079137,-0.03574662,-0.02843406,-0.01868287,-0.006627327,0.007013601,0.02308739,0.03732059,0.04980553,0.060821,0.07004201,0.07754515,0.08339695,0.08767051,0.09209446,0.09878769,0.1077955,0.1187398,0.131267,0.1438667,0.1554746,0.1653671,0.1727688,0.1782135,0.1842541,0.1934818,0.2078058,0.2277516,0.2521553,0.2785068,0.303591,0.3244371,0.3424367,0.3641507,0.3899505,0.4183654,0.4450155,0.4658175,0.4768741,0.4743596,0.4547393,0.4111682,0.3297071,0.2279436,0.1120915,-0.003136823,-0.1076631,-0.1963015,-0.2679748,-0.3243807,-0.3692275,-0.4053985,-0.4304815,-0.450683,-0.4667199,-0.4790335,-0.4881112,-0.4943171,-0.4983993,-0.5008652,-0.5030718,-0.505084,-0.5069916,-0.5086024,-0.5098358,-0.5108038,-0.5116566,-0.5126233,-0.5134846,-0.5145761,-0.5155978,-0.5170026,-0.5186012,-0.5202608,-0.521998,-0.5239221,-0.5260171,-0.5281678,-0.5303277,-0.5324222,-0.5342793,-0.5359356,-0.5372363,-0.5381501,-0.5386962,-0.5388722,-0.5384962,-0.5374072,-0.5349542,-0.5314068,-0.5269259,-0.522214,-0.5181202,-0.5149754,-0.5128241,-0.5114051,-0.5104108,-0.5096695,-0.5090497,-0.5085775,-0.5079635,-0.507436,-0.5067397,-0.5058802,-0.50475,-0.5032885,-0.5014365,-0.4991524,-0.4964936,-0.4938442,-0.4910648,-0.4883313,-0.485451,-0.4824482,-0.4794363,-0.4763344,-0.4730332,-0.4694788,-0.4648308,-0.4596258,-0.4539314,-0.4469927,-0.4385608,-0.4284776,-0.4169984,-0.4045409,-0.3910824,-0.3768081,-0.3608857,-0.3431,-0.325485,-0.3065303,-0.2882777,-0.2721989,-0.2592162,-0.2497427,-0.243299,-0.2392213,-0.2372291,-0.2360304,-0.2357295,-0.2360772,-0.2377592,-0.2407863,-0.2439654,-0.2479344,-0.2531386,-0.2588902,-0.2645013,-0.2700511,-0.2772634,-0.2863555,-0.2934112,-0.3014296,-0.3103624,-0.3185724,-0.3273541,-0.3359878,-0.3447568,-0.3539919,-0.3621117,-0.3699595,-0.3756618,-0.3843819,-0.3926744,-0.3980896,-0.4012691,-0.4050467,-0.4095753,-0.4125159,-0.4136814,-0.4151284,-0.4171541,-0.4165052,-0.4111416,-0.4052823,-0.4065992,-0.4089228,-0.4009811,-0.3865098,-0.3795753,-0.3776153,-0.3642297,-0.3501389,-0.3475031,-0.3455946,-0.3208005,-0.2749012,-0.2564999,-0.2702005,-0.2235045,-0.07114349,-0.04742889,0.0261342,0.1254888,0.3349063,0.2927952,0.2552481,0,0,0,0,0,0,0,0,0,0,0,0,0,0,0,0,0
Tuning,1,NT,25/10/2015,Hard Green,HG,11,High,20.07339793,0,0,0,0,0,0,0,0,-0.3476412,-0.3869096,-0.3946614,-0.3812619,-0.3695137,-0.3603629,-0.3427471,-0.3479146,-0.4093476,-0.429503,-0.4336562,-0.4411806,-0.4256014,-0.412311,-0.4356285,-0.4757828,-0.460251,-0.4871835,-0.4487662,-0.4873061,-0.4727885,-0.4524188,-0.4364349,-0.4211227,-0.3969582,-0.3358339,-0.3308519,-0.2882704,-0.2088572,-0.1497465,-0.09457985,-0.02174842,0.05821315,0.1219428,0.1728409,0.206611,0.2238085,0.2254026,0.2390566,0.2436425,0.2447793,0.2454679,0.2433669,0.243627,0.2472461,0.2490669,0.250488,0.250244,0.2517415,0.2536301,0.2546889,0.2549391,0.2542219,0.2553872,0.2611495,0.2691814,0.2790176,0.2881373,0.2938165,0.2960859,0.2966617,0.2957134,0.2923822,0.2883523,0.2824187,0.2768053,0.2709425,0.2657159,0.2612066,0.2567776,0.2533214,0.2502445,0.2478708,0.2437505,0.2392478,0.2339245,0.2279242,0.2208636,0.2119035,0.2018052,0.1889583,0.1752833,0.1608251,0.145517,0.1290627,0.1115951,0.09393909,0.07720399,0.06168252,0.04589198,0.03268379,0.02087301,0.009436994,-0.001656951,-0.01234926,-0.02253896,-0.03199155,-0.04036106,-0.04741654,-0.0507887,-0.05205561,-0.05179193,-0.05089296,-0.05007707,-0.04996037,-0.05113848,-0.05352201,-0.05650435,-0.05761761,-0.05678487,-0.05311239,-0.04638749,-0.03728322,-0.02690477,-0.01589141,-0.00306732,0.01528956,0.03808551,0.06372452,0.08904218,0.1106228,0.1251004,0.1294643,0.1210025,0.09341774,0.03592667,-0.03733541,-0.1181678,-0.1969742,-0.267341,-0.3261551,-0.3729365,-0.4086241,-0.4361065,-0.4572279,-0.4709539,-0.4810715,-0.4883912,-0.4932677,-0.4959462,-0.4965986,-0.4960465,-0.4949879,-0.4940284,-0.4940491,-0.4948005,-0.4958162,-0.4969237,-0.4982539,-0.4998062,-0.5014606,-0.5030954,-0.5053225,-0.5075085,-0.509821,-0.511986,-0.5143485,-0.5168908,-0.5193958,-0.5217341,-0.5240647,-0.5264789,-0.5286336,-0.5303864,-0.5318404,-0.5329894,-0.5339024,-0.5344337,-0.5344222,-0.5339063,-0.5330098,-0.530541,-0.527078,-0.5225856,-0.5179182,-0.5139271,-0.5109873,-0.5090896,-0.5079501,-0.5075364,-0.5073459,-0.5071922,-0.5071738,-0.5070259,-0.5068872,-0.5065901,-0.5061173,-0.5053003,-0.5041207,-0.5026316,-0.5007915,-0.498314,-0.4957693,-0.4930665,-0.4903572,-0.4875593,-0.4846383,-0.4816202,-0.4784379,-0.474981,-0.4710408,-0.4665699,-0.4617814,-0.4558167,-0.4487892,-0.4406065,-0.4309303,-0.4199396,-0.4080953,-0.3953319,-0.3817985,-0.3671753,-0.3503675,-0.334242,-0.3167774,-0.299223,-0.2840148,-0.272132,-0.2632788,-0.2571753,-0.2541291,-0.2521935,-0.2515488,-0.2517391,-0.2527911,-0.2556752,-0.2589303,-0.2626449,-0.2672186,-0.2726331,-0.278392,-0.2845368,-0.2922369,-0.2999791,-0.3071327,-0.3150195,-0.3230209,-0.3315435,-0.3396831,-0.3484488,-0.356869,-0.365047,-0.3729806,-0.379425,-0.3872869,-0.3955659,-0.4001043,-0.4056156,-0.4103977,-0.4162539,-0.4198155,-0.4240997,-0.4263169,-0.4267928,-0.4266668,-0.4248017,-0.4241924,-0.4304447,-0.4272082,-0.4233262,-0.4207344,-0.4163257,-0.4088309,-0.4045876,-0.3956944,-0.3895862,-0.3897196,-0.3938002,-0.3903178,-0.3775974,-0.3736625,-0.3659822,-0.3476302,-0.3421547,-0.3099863,-0.3109993,-0.2673035,-0.2709801,-0.247457,-0.2075822,-0.1681628,0,0,0,0,0,0,0,0,0,0,0,0,0,0,0,0,0
Tuning,1,QLD,1/02/2016,Hard Green,HG,23,No,20.73185,0,0,0,0,0,0,0,0,-0.3485425,-0.364852,-0.3894209,-0.3669538,-0.3080817,-0.285064,-0.3365975,-0.3793011,-0.3305309,-0.3571194,-0.3385501,-0.3386209,-0.3699676,-0.39398,-0.4315896,-0.514519,-0.4610417,-0.3786818,-0.4943471,-0.4638155,-0.4839965,-0.4597116,-0.3991966,-0.3915186,-0.440704,-0.3665009,-0.332138,-0.3197296,-0.2418596,-0.1157357,-0.04421673,0.02003909,0.111081,0.1955385,0.2380949,0.2794044,0.3331501,0.3419583,0.3551096,0.3558705,0.3607187,0.3683584,0.3691592,0.3782842,0.3888711,0.3745714,0.3702601,0.3771498,0.3792673,0.380111,0.3857954,0.3940498,0.3957763,0.3992544,0.4048927,0.4143581,0.4207772,0.4258901,0.4314936,0.4364412,0.4397367,0.4446364,0.44552,0.4516554,0.4501089,0.4466231,0.4442375,0.4402707,0.4349297,0.4310236,0.4261239,0.4198067,0.4179595,0.4142995,0.4116633,0.4124663,0.4130473,0.4113882,0.4096306,0.4081412,0.4024995,0.3987032,0.3926995,0.3870735,0.3808206,0.3745384,0.3693278,0.3652472,0.3613681,0.3589132,0.3564743,0.3537865,0.3513135,0.3481432,0.344283,0.3401846,0.3362241,0.3339503,0.3333716,0.3349245,0.3406554,0.3474923,0.3552548,0.3629668,0.3693377,0.3743288,0.3775382,0.3796177,0.3856293,0.3932635,0.4054874,0.4211076,0.4388039,0.4570205,0.4725043,0.4882385,0.508917,0.5317996,0.5567273,0.5807245,0.6011291,0.6145903,0.6189893,0.6150391,0.5944363,0.5483794,0.4801114,0.3935558,0.2970685,0.1970051,0.09979777,0.01060493,-0.06936625,-0.1408596,-0.2053747,-0.2542326,-0.2958302,-0.3312143,-0.3604558,-0.3838919,-0.4021057,-0.4159961,-0.4270149,-0.4366123,-0.4437553,-0.4501163,-0.4554593,-0.4599389,-0.4638803,-0.4673955,-0.470491,-0.4731629,-0.4761369,-0.4788424,-0.4812475,-0.4838337,-0.4863266,-0.4888422,-0.491403,-0.4937657,-0.4963326,-0.498807,-0.5008999,-0.5026959,-0.5042029,-0.5055842,-0.5066255,-0.5071935,-0.5073634,-0.507055,-0.5059978,-0.5037985,-0.5000909,-0.4959022,-0.4913468,-0.4873378,-0.4843599,-0.4825081,-0.481501,-0.481001,-0.4807231,-0.4808169,-0.4806422,-0.4806344,-0.4803264,-0.480042,-0.4795877,-0.4787019,-0.4777004,-0.4762052,-0.4739956,-0.4717958,-0.468908,-0.4666203,-0.4638927,-0.4609574,-0.4582042,-0.4552284,-0.4516684,-0.4485147,-0.4440831,-0.4403102,-0.435025,-0.429209,-0.4222119,-0.4136116,-0.4038783,-0.3928204,-0.3806739,-0.3684949,-0.3546454,-0.3400309,-0.3236797,-0.3072392,-0.2903214,-0.2723062,-0.2577513,-0.246124,-0.237409,-0.2320431,-0.2273526,-0.2256467,-0.2252006,-0.2247209,-0.2278329,-0.2285606,-0.2320265,-0.2354358,-0.2402174,-0.2464527,-0.251884,-0.2572283,-0.2651985,-0.2705169,-0.2802534,-0.285389,-0.2952963,-0.3039298,-0.3119596,-0.3211037,-0.3286778,-0.3361269,-0.3439417,-0.3496185,-0.3614699,-0.3658314,-0.3720584,-0.3803926,-0.3825231,-0.3894984,-0.3877131,-0.3965505,-0.4008005,-0.4017619,-0.400073,-0.3931415,-0.3961659,-0.3941741,-0.3814935,-0.4064371,-0.3833863,-0.4040833,-0.3785426,-0.3811006,-0.3746314,-0.3452429,-0.3581809,-0.3601702,-0.3478067,-0.3554733,-0.3067657,-0.3376062,-0.3050788,-0.2737641,-0.3157542,-0.2157631,-0.2432596,-0.1267321,-0.1082843,-0.123797,-0.09976069,0,0,0,0,0,0,0,0,0,0,0,0,0,0,0,0,0
Tuning,3,NT,27/09/2017,Hard Green,1201,48,No,17.38365,0,0,0,0,0,0,0,0,0.1480198,0,0,0,0,0,0,0,0,0,0,0,0,0,0,0,0,0,0,0,0,0,0,0,0.1728759,0.7841662,-0.1632133,-0.007321887,1.536427,0.7232614,0.4434272,0.6657703,0.7053517,0.5806602,0.6318883,0.6553203,0.6625695,0.6324313,0.5926001,0.587281,0.5894804,0.5727819,0.5495886,0.5550739,0.5605949,0.5305813,0.5408016,0.5457065,0.5426027,0.5407086,0.5387345,0.5356712,0.5466563,0.5524213,0.5434518,0.5543324,0.5661187,0.5633845,0.5664998,0.5772895,0.579671,0.5780293,0.5838748,0.575205,0.5740243,0.5737548,0.5662941,0.5607074,0.5595877,0.5545868,0.543844,0.5422789,0.5396207,0.5345184,0.5344292,0.5338345,0.5329975,0.5338272,0.5349793,0.5326887,0.5338988,0.5324176,0.5277013,0.5263104,0.5258718,0.5241751,0.5228613,0.5250901,0.5262577,0.5281119,0.5314001,0.531961,0.5333593,0.5339419,0.5325335,0.5304667,0.530369,0.5306714,0.5281408,0.5352145,0.5410991,0.5480666,0.5558991,0.563338,0.5696274,0.5751967,0.5800626,0.5805167,0.5887111,0.5979637,0.6078566,0.6229423,0.6408012,0.6557879,0.6679487,0.6801814,0.6911976,0.7071376,0.7220207,0.7328539,0.7442988,0.753445,0.7527447,0.7432126,0.7311523,0.6978287,0.6444975,0.5738604,0.486312,0.3892987,0.2889246,0.1889444,0.09404432,0.005211049,-0.08041213,-0.1495051,-0.2109496,-0.2652962,-0.3125923,-0.3528597,-0.3863051,-0.4137546,-0.436282,-0.4560534,-0.4705777,-0.4823379,-0.4918798,-0.4995638,-0.5057604,-0.5107089,-0.5146993,-0.518056,-0.5213082,-0.5238862,-0.52626,-0.5286192,-0.5309432,-0.5332171,-0.5354897,-0.5378103,-0.5403211,-0.5425366,-0.544789,-0.546929,-0.5487938,-0.5503697,-0.5516937,-0.552653,-0.5531951,-0.5533876,-0.5530189,-0.5515251,-0.5492594,-0.5459633,-0.5424651,-0.5395052,-0.5372751,-0.5358234,-0.5350277,-0.5346696,-0.5343394,-0.534313,-0.5343532,-0.5343289,-0.5343879,-0.5341672,-0.5337793,-0.533274,-0.5325258,-0.5311468,-0.529523,-0.527925,-0.5258656,-0.5239688,-0.5216415,-0.5192898,-0.5171645,-0.5149097,-0.5121759,-0.5095505,-0.5069491,-0.5028229,-0.4989365,-0.4939401,-0.4879495,-0.4806693,-0.4717959,-0.4614534,-0.4501284,-0.43783,-0.4239763,-0.4096268,-0.3928074,-0.3744679,-0.3554088,-0.3360639,-0.3185097,-0.3041691,-0.2929772,-0.2847523,-0.2804543,-0.2779202,-0.2741414,-0.2744159,-0.2760151,-0.2775395,-0.2803706,-0.2843266,-0.2893601,-0.2957193,-0.3020505,-0.3074707,-0.3163618,-0.3261895,-0.3335177,-0.3429177,-0.3537737,-0.3627112,-0.371729,-0.3802384,-0.389526,-0.3999568,-0.4091885,-0.4166065,-0.4268528,-0.4373663,-0.4403596,-0.4488388,-0.4597372,-0.4642752,-0.4677235,-0.4702142,-0.4768671,-0.4793496,-0.4750525,-0.4764665,-0.4865031,-0.4905624,-0.4832949,-0.4829873,-0.4875172,-0.4873415,-0.4690017,-0.4581047,-0.4685619,-0.4691176,-0.4452165,-0.4343236,-0.4475079,-0.4514647,-0.4279904,-0.36465,-0.3639008,-0.3365614,-0.2103936,-0.2178898,0.04732831,0.09338336,0.2941201,0.1181786,0,0,0,0,0,0,0,0,0,0,0,0,0,0,0,0,0,0
Tuning,3,NT,9/10/2017,Hard Green,KP,60,No,17.03303,0,0,0,0,0,0,0,0,0,0,0,0,0,0,0,0,0,0,0,0,0,0,0,0,0,0,0,0,0,0,-0.3232272,-0.7231864,-0.3982711,0.8050861,0.1179869,-0.2573311,0.140796,0.2658693,0.2122671,0.2240586,0.3353614,0.4137355,0.4128439,0.3767656,0.431591,0.4505312,0.4358706,0.4161612,0.4266157,0.4443477,0.4320813,0.4147948,0.419339,0.4253897,0.4107572,0.3984943,0.3971977,0.3994456,0.3985106,0.3965384,0.4011282,0.4090703,0.4114734,0.4119984,0.4182778,0.4256566,0.4265276,0.4224939,0.4191023,0.4120097,0.3937595,0.3665316,0.3423628,0.3128328,0.2782198,0.2409918,0.2024122,0.162544,0.122819,0.08145075,0.04652509,0.01806592,-0.005587216,-0.02447248,-0.03898919,-0.05011769,-0.05905422,-0.06618607,-0.07120834,-0.07328852,-0.0721277,-0.06751318,-0.0600223,-0.04990181,-0.03685511,-0.02060373,-0.002015025,0.01941324,0.03746579,0.05396862,0.06871299,0.0810052,0.09078234,0.09887508,0.1064437,0.1130899,0.1223463,0.1341509,0.1481116,0.163577,0.1790554,0.1931973,0.2052119,0.2145943,0.219778,0.226532,0.2369088,0.2524174,0.2749989,0.3039373,0.3357573,0.3660493,0.391686,0.4138596,0.4399188,0.4685034,0.4969096,0.5239795,0.5467049,0.5589613,0.5557111,0.5374435,0.4974909,0.4139736,0.3042831,0.1763347,0.04678979,-0.07298932,-0.176571,-0.2615522,-0.3287951,-0.3830131,-0.4276961,-0.4591384,-0.4841151,-0.5043281,-0.5202761,-0.5322087,-0.5404547,-0.5460974,-0.5499237,-0.5534183,-0.556406,-0.5587925,-0.5611085,-0.5631068,-0.5645955,-0.5657125,-0.5669783,-0.5682845,-0.5694224,-0.5707937,-0.5722232,-0.5739357,-0.5757791,-0.577608,-0.57955,-0.5817649,-0.584077,-0.5860299,-0.5884188,-0.5903407,-0.5918835,-0.593247,-0.5942191,-0.5946768,-0.5947323,-0.5942941,-0.5929077,-0.5903341,-0.5866377,-0.5816379,-0.5765561,-0.5721278,-0.5686447,-0.5663724,-0.5650885,-0.5639501,-0.5632228,-0.5628605,-0.5620991,-0.5616019,-0.5611969,-0.5604833,-0.5595927,-0.558488,-0.5570154,-0.5550824,-0.5532087,-0.5501664,-0.5474011,-0.5449517,-0.5418894,-0.5388204,-0.5359501,-0.5328823,-0.5293965,-0.525977,-0.5220075,-0.517,-0.5119275,-0.504897,-0.496585,-0.4873282,-0.4758127,-0.4620805,-0.447371,-0.4317054,-0.4147113,-0.3957708,-0.3740597,-0.3524759,-0.3297566,-0.3058261,-0.2844484,-0.2681037,-0.255831,-0.2462357,-0.2407366,-0.2380979,-0.2362187,-0.2354449,-0.2364089,-0.2395555,-0.2437511,-0.247688,-0.253141,-0.2608779,-0.2686873,-0.2752288,-0.2838988,-0.2948069,-0.3040309,-0.3143286,-0.3256027,-0.3361989,-0.3476202,-0.357609,-0.368742,-0.3810208,-0.3907947,-0.3984163,-0.4087596,-0.4218279,-0.4254349,-0.4325626,-0.4421603,-0.4479723,-0.4565638,-0.4580608,-0.4617045,-0.4676962,-0.4674752,-0.4625793,-0.4630386,-0.4677236,-0.4571579,-0.4561643,-0.4611527,-0.4566746,-0.4525569,-0.4431823,-0.4387447,-0.4299189,-0.410682,-0.3948312,-0.3884913,-0.3730254,-0.3394839,-0.3183802,-0.3378987,-0.2934454,-0.2217497,-0.1855269,-0.1088279,0.1651183,0.1078832,0.1583956,0.2525445,0,0,0,0,0,0,0,0,0,0,0,0,0,0,0,0,0
Tuning,3,NT,23/10/2017,Hard Green,4069,66,High,15.77592,0,0,0,0,0,0,0,0,0,0,0,0,0,0,0,0,0,0,0,0,0,0,0,0,0,0,0,0,0,0,-0.3420941,-0.6949074,-0.4596757,-0.1591091,-0.2455029,-0.04901375,0.01220614,0.08230846,0.1505841,0.2147454,0.2757772,0.3289166,0.3635787,0.3703794,0.3778646,0.3987815,0.3847989,0.3815513,0.3866267,0.3865486,0.3818803,0.384726,0.3824959,0.3758304,0.3747765,0.3726791,0.3717857,0.3740769,0.3756218,0.3745212,0.3794447,0.3887129,0.3912715,0.4018251,0.4094442,0.4137495,0.4202203,0.4261115,0.425889,0.4256544,0.4250804,0.4194858,0.4124677,0.4043488,0.3944701,0.3828914,0.3711906,0.360137,0.3467611,0.3353862,0.3254002,0.3163587,0.3101553,0.303433,0.2962325,0.2888406,0.2800631,0.269915,0.2565662,0.2429767,0.2290416,0.2147364,0.2006185,0.1872132,0.1752286,0.1654445,0.1577916,0.1505416,0.1466537,0.1425111,0.1390207,0.1356272,0.1324444,0.1296043,0.1268301,0.1255448,0.1268929,0.1313982,0.139115,0.1484033,0.1588539,0.168989,0.1771588,0.1832263,0.1878949,0.1930419,0.2020144,0.2172966,0.2398942,0.268331,0.2991011,0.32844,0.3538792,0.3753822,0.3998068,0.424479,0.4535609,0.4815287,0.5040677,0.5181195,0.5206244,0.507567,0.4713996,0.3937062,0.2895271,0.1675543,0.04302594,-0.07237628,-0.1718707,-0.2534077,-0.3183776,-0.3707875,-0.413196,-0.4429945,-0.4667102,-0.4855466,-0.500156,-0.5109689,-0.5183097,-0.523196,-0.5265055,-0.5294538,-0.532387,-0.5352874,-0.5379128,-0.5402585,-0.5424461,-0.5444147,-0.5461719,-0.5479924,-0.5500095,-0.5518492,-0.553809,-0.5557756,-0.5579459,-0.5601855,-0.5623904,-0.564649,-0.5670681,-0.5694234,-0.5715708,-0.5734641,-0.575106,-0.5763832,-0.5772905,-0.5776592,-0.5774589,-0.5769118,-0.5756947,-0.5727985,-0.5687466,-0.5636548,-0.5584677,-0.5539699,-0.5505974,-0.5485078,-0.5474218,-0.5469738,-0.546499,-0.5463702,-0.5464771,-0.5463872,-0.5463258,-0.5460505,-0.5456709,-0.5450241,-0.5438822,-0.5423012,-0.540607,-0.5384592,-0.5358428,-0.5334234,-0.5309412,-0.5283189,-0.525594,-0.5227247,-0.5195768,-0.5162373,-0.5126076,-0.5073942,-0.5020167,-0.4951777,-0.4864604,-0.4763383,-0.4643409,-0.4504904,-0.4355492,-0.4196727,-0.4024397,-0.3841158,-0.3634585,-0.34226,-0.3197395,-0.2976508,-0.277432,-0.2613528,-0.2502136,-0.2427641,-0.2383494,-0.2368699,-0.2352104,-0.2367704,-0.2395846,-0.2425609,-0.2471634,-0.2528226,-0.2592068,-0.2665459,-0.2747094,-0.283073,-0.2917911,-0.3025838,-0.3124036,-0.3225925,-0.3340116,-0.3433791,-0.3538455,-0.3644883,-0.3744834,-0.3849535,-0.3953648,-0.4035869,-0.4127581,-0.4233044,-0.428599,-0.4367704,-0.4437605,-0.4470778,-0.4531842,-0.4568773,-0.456202,-0.457514,-0.4582468,-0.454128,-0.454506,-0.4558829,-0.4457094,-0.4456257,-0.447046,-0.4318185,-0.4273147,-0.4172608,-0.4010902,-0.3938899,-0.3798653,-0.3558066,-0.3417174,-0.3268903,-0.2872779,-0.2724195,-0.2568833,-0.1437315,-0.07870776,-0.04799489,0.136759,0.1782848,0.445361,0.5578963,0.8252308,0,0,0,0,0,0,0,0,0,0,0,0,0,0,0,0,0
Tuning,3,QLD,17/11/2017,Hard Green,HG,74,No,14.2783,0,0,0,0,0,0,0,0,0,0,0,0,0,0,0,0,0,0,0,0,0,0,0,0,0,0,0,0,0,0,0,0,0,0.0865954,1.114371,1.5568,0.2644356,0,0.4144447,0.6640297,0.6361611,0.6995694,0.7678941,0.6973421,0.6393482,0.6350445,0.6147332,0.6046512,0.5862415,0.5635764,0.5536172,0.5429999,0.5450463,0.5318292,0.5310902,0.5225301,0.518003,0.5181449,0.5192674,0.5188604,0.5174634,0.5227082,0.5301161,0.5326552,0.5343124,0.5395495,0.5480765,0.5545058,0.5550641,0.5549823,0.5565979,0.5603814,0.5556616,0.553007,0.5515928,0.5520289,0.5518836,0.5489947,0.5494314,0.5464258,0.5512891,0.5506375,0.5514137,0.550505,0.5500305,0.5501021,0.5470524,0.5421174,0.533203,0.5234293,0.5116202,0.4981246,0.4829125,0.4674911,0.452703,0.4380157,0.4242024,0.4085652,0.3946572,0.3819698,0.3693832,0.3568613,0.3446489,0.3330036,0.3224527,0.3145752,0.3102236,0.3100455,0.3137575,0.3204388,0.3287141,0.336605,0.342856,0.3477778,0.3507185,0.3544815,0.3592175,0.3688912,0.3831975,0.4017488,0.4225082,0.442993,0.4619582,0.4801928,0.5035953,0.5294724,0.5588003,0.5875131,0.6109783,0.6265609,0.6325372,0.6256457,0.5985425,0.5377067,0.4532174,0.3489837,0.2349644,0.1206916,0.01355125,-0.08201762,-0.1645972,-0.2365985,-0.3002495,-0.3479072,-0.3884265,-0.4224377,-0.4504398,-0.472856,-0.4901201,-0.5034103,-0.5135656,-0.5225054,-0.5291392,-0.5350331,-0.539876,-0.5438546,-0.5471861,-0.5499564,-0.552412,-0.5544901,-0.5567608,-0.5588444,-0.5608698,-0.562897,-0.565096,-0.5674624,-0.569898,-0.5722865,-0.5747123,-0.5772979,-0.5798666,-0.5820555,-0.5840183,-0.5856277,-0.5869164,-0.5878395,-0.5882796,-0.5880746,-0.587211,-0.5849084,-0.5814523,-0.5770462,-0.5723847,-0.5682271,-0.5651286,-0.5631961,-0.5619644,-0.5611674,-0.5604958,-0.5600177,-0.55967,-0.5592747,-0.5589185,-0.558311,-0.557555,-0.5565227,-0.5551363,-0.5536332,-0.5516006,-0.5491825,-0.5463821,-0.5439775,-0.5413958,-0.5388964,-0.5362191,-0.5333164,-0.5304465,-0.5272989,-0.5239206,-0.518845,-0.5136598,-0.5071915,-0.4992907,-0.4893916,-0.4777042,-0.4643339,-0.4493801,-0.4332094,-0.4159492,-0.397044,-0.3752115,-0.3527406,-0.3292769,-0.3062636,-0.2858815,-0.2691934,-0.2570441,-0.2491654,-0.2439814,-0.2416119,-0.2392565,-0.2398905,-0.2403809,-0.2435946,-0.246879,-0.2516717,-0.2571405,-0.2635793,-0.2713269,-0.2791291,-0.2880359,-0.2957135,-0.306665,-0.3160486,-0.3282972,-0.3387188,-0.3487981,-0.3587554,-0.3705724,-0.3829265,-0.3932633,-0.402178,-0.4099897,-0.4213219,-0.4305918,-0.4375001,-0.442917,-0.4501494,-0.4555986,-0.4595092,-0.4610075,-0.4629768,-0.466113,-0.4673402,-0.4656986,-0.4611911,-0.4571297,-0.4469863,-0.4512169,-0.4452864,-0.4359832,-0.4215271,-0.415871,-0.4067671,-0.3876927,-0.3700762,-0.3605893,-0.3470711,-0.314992,-0.2722959,-0.2635045,-0.187323,-0.1445006,0.03313688,0.08447531,0.4158953,0.4079141,0.1230003,0,0,0,0,0,0,0,0,0,0,0,0,0,0,0,0,0,0
Val Ext,4,NT,7/08/2018,Hard Green,KP,96,No,20.09753885,0,0,0,0,0,0,0,0,0,0,0,0,0,0,0,0,0,0,0,0,0,0,0,0,0,0,0,0,0,0,0,0,0,0,0,0.7410983,0.1300582,0.5654094,0.6267369,0.5808879,0.6829293,0.6957261,0.6239705,0.5623598,0.52892,0.5654215,0.5942069,0.5681259,0.5360924,0.52403,0.5199552,0.5225495,0.5256448,0.4913181,0.4876057,0.4899049,0.4837115,0.4748207,0.4686922,0.4665847,0.4718046,0.4848744,0.4778967,0.4750071,0.4765674,0.4836146,0.4907845,0.4886726,0.475827,0.4675,0.4579791,0.4407949,0.4137403,0.383563,0.3530114,0.3240273,0.2939626,0.2597097,0.226605,0.1953762,0.1701887,0.1530761,0.1379587,0.1266907,0.1195244,0.1152756,0.1127224,0.1117095,0.1104849,0.112557,0.1181002,0.1257771,0.1364494,0.1498091,0.165537,0.1840664,0.2047172,0.2253599,0.2433918,0.2588354,0.2721659,0.2839434,0.2932892,0.3003292,0.3075149,0.3149225,0.3226046,0.3321991,0.3434094,0.3554569,0.3689056,0.3810728,0.3898441,0.3974255,0.4020916,0.4080354,0.4167077,0.4288352,0.4471634,0.4700882,0.4938814,0.516038,0.5360155,0.549646,0.5691184,0.5904116,0.611201,0.6308305,0.6450493,0.6520585,0.6512206,0.6384989,0.6063391,0.5443658,0.4615168,0.3587767,0.2469604,0.1353773,0.03133477,-0.06067675,-0.1398431,-0.2089684,-0.2695691,-0.3156168,-0.3549597,-0.3883577,-0.4164163,-0.4395463,-0.4578872,-0.4720788,-0.4832418,-0.4932681,-0.5004534,-0.5063214,-0.5109431,-0.5145462,-0.5173773,-0.519567,-0.5213943,-0.5230762,-0.5245689,-0.5259633,-0.5274538,-0.5291362,-0.5308948,-0.5327311,-0.5346551,-0.536603,-0.5387835,-0.5409144,-0.5430291,-0.5449214,-0.5466214,-0.5480025,-0.5490307,-0.5497166,-0.5500757,-0.5499705,-0.5492606,-0.5472304,-0.5442656,-0.5404949,-0.5364481,-0.5327486,-0.5299963,-0.5282876,-0.5270873,-0.5262316,-0.5254557,-0.5247548,-0.5245063,-0.5240878,-0.5235212,-0.5228552,-0.52214,-0.5211803,-0.5199376,-0.5182999,-0.5160658,-0.5136381,-0.5113335,-0.5089961,-0.5063297,-0.5033987,-0.5007105,-0.4983259,-0.4956835,-0.492597,-0.4889672,-0.4845361,-0.4806143,-0.47554,-0.4687702,-0.4607403,-0.4515379,-0.4412658,-0.4298954,-0.4168947,-0.402614,-0.3874828,-0.3701529,-0.3528224,-0.3334003,-0.3138502,-0.2966789,-0.2826577,-0.2722014,-0.2649639,-0.2595733,-0.2562411,-0.2552775,-0.2536724,-0.2538217,-0.2550156,-0.2569615,-0.2612702,-0.2656637,-0.269778,-0.2752298,-0.2815641,-0.2876672,-0.2954307,-0.3048019,-0.3117988,-0.3217495,-0.3289873,-0.3372359,-0.346267,-0.3548612,-0.3640999,-0.3731462,-0.3797934,-0.3894236,-0.3969446,-0.4017066,-0.4081629,-0.4132437,-0.4227536,-0.4267471,-0.4249196,-0.4247296,-0.4294897,-0.4346389,-0.4371059,-0.4338488,-0.4142344,-0.4234262,-0.4305019,-0.4124201,-0.4071409,-0.3692785,-0.3851459,-0.4063651,-0.3760548,-0.3369074,-0.2983049,-0.3029638,-0.3538298,-0.3097514,-0.2243746,-0.1028972,-0.05391072,-0.135433,0.07616289,0.7013873,0.1506507,0.7193799,0.3155307,0,0,0,0,0,0,0,0,0,0,0,0,0,0,0,0,0,0
Val Ext,4,NT,23/09/2018,Ripen,R2E2,102,No,16.09343191,0,0,0,0,0,0,0,0,0,0,0,0,0,0,0,0,0,0,0,0,0,0,0,0,0,0,0,0,0,0,-0.09949673,-0.3667967,-0.5159962,0.08827161,0.0891435,0.1141837,0.1354772,0.1569556,0.2314309,0.2942139,0.3247844,0.3473489,0.3405545,0.3629734,0.3449484,0.3439677,0.3484946,0.3460751,0.3443157,0.3404615,0.3293453,0.3242039,0.3249917,0.323786,0.3212947,0.3198983,0.3188946,0.3197638,0.3212392,0.3217262,0.3230695,0.3196306,0.3249874,0.3271411,0.3313958,0.336507,0.3387786,0.3397135,0.3407547,0.3342823,0.3236484,0.3057621,0.2879673,0.2660155,0.2378607,0.2052301,0.1698371,0.1328218,0.09699466,0.05893625,0.0246302,-0.00412429,-0.02896434,-0.05026023,-0.06860369,-0.08459618,-0.09875123,-0.1114533,-0.1232578,-0.1314186,-0.1372997,-0.1419372,-0.1465579,-0.1508803,-0.1539107,-0.1548858,-0.1529862,-0.1482768,-0.1431387,-0.1378899,-0.1332018,-0.1293882,-0.1267442,-0.1252502,-0.1242632,-0.1226017,-0.1182225,-0.110711,-0.10113,-0.08942179,-0.07735644,-0.06661824,-0.0580752,-0.05189053,-0.04801944,-0.04318949,-0.03575005,-0.02258246,-0.002893833,0.02150178,0.04801236,0.0739501,0.09716441,0.120597,0.1513043,0.1871857,0.2271502,0.2650383,0.294291,0.3089971,0.304867,0.278964,0.2196688,0.1131913,-0.009385945,-0.1346856,-0.2482291,-0.3425049,-0.4154117,-0.4685533,-0.5054131,-0.5306517,-0.547734,-0.557554,-0.5639998,-0.5680603,-0.5700861,-0.5704698,-0.5693737,-0.5672765,-0.5649577,-0.5631044,-0.5623352,-0.5621651,-0.562276,-0.5624612,-0.5627552,-0.5631537,-0.5637254,-0.5645368,-0.5654233,-0.5665517,-0.5678923,-0.56938,-0.5710948,-0.5729815,-0.5750118,-0.5771294,-0.5791978,-0.5815404,-0.5839018,-0.5858225,-0.5875813,-0.5890108,-0.5901857,-0.5909725,-0.5911989,-0.5908956,-0.5900248,-0.5877858,-0.5845282,-0.5800772,-0.5753974,-0.5713181,-0.5681178,-0.5658846,-0.564426,-0.5634071,-0.5625342,-0.5615901,-0.5609161,-0.5604289,-0.5598259,-0.5589991,-0.5580403,-0.5568604,-0.5554916,-0.5537984,-0.5516105,-0.5489142,-0.5463074,-0.5437657,-0.5412129,-0.5384787,-0.5357091,-0.5329116,-0.5299045,-0.5269533,-0.5237315,-0.5189396,-0.514043,-0.5079135,-0.5006772,-0.4916669,-0.4808431,-0.4684763,-0.4547833,-0.4398038,-0.4239495,-0.4064147,-0.3867292,-0.3661495,-0.344442,-0.3230664,-0.3039149,-0.2883455,-0.2769193,-0.2690234,-0.2636839,-0.2603735,-0.2589097,-0.2578182,-0.258403,-0.2600059,-0.2628355,-0.2672045,-0.2719872,-0.277298,-0.2835474,-0.2902853,-0.2985791,-0.3071719,-0.3158715,-0.325157,-0.3341794,-0.3444884,-0.3546347,-0.3647889,-0.3736736,-0.3825454,-0.3929639,-0.402661,-0.411228,-0.4224946,-0.4288423,-0.4367225,-0.4439113,-0.447145,-0.4547687,-0.4569283,-0.4583037,-0.4626962,-0.4637339,-0.4606286,-0.4619921,-0.4610237,-0.4618831,-0.458158,-0.449756,-0.4384451,-0.4308213,-0.432065,-0.4202784,-0.4095427,-0.3964884,-0.3779858,-0.3721032,-0.3646891,-0.3284176,-0.3321171,-0.2947132,-0.2367173,-0.1974644,-0.1314416,-0.05414951,0.03471829,0.02795381,0.1956087,0.1542765,0,0,0,0,0,0,0,0,0,0,0,0,0,0,0,0,0
Val Ext,4,QLD,12/12/2018,Hard Green,HG,107,No,16.78647497,0,0,0,0,0,0,0,0,0,0,0,0,0,0,0,0,0,0,0,0,0,0,0,0,0,0,0,0,0,0,0,-0.1864568,-0.4775323,-0.05697333,0.1391854,0.05184371,0.1106,0.1967905,0.2816693,0.3412395,0.356668,0.3526603,0.4019929,0.4152383,0.4189093,0.4189065,0.4158485,0.4081056,0.4045753,0.3966222,0.3797535,0.3804308,0.3811815,0.3757037,0.3781206,0.3750427,0.371927,0.3716595,0.3703994,0.3676204,0.3741936,0.3814448,0.3811566,0.3912261,0.3957732,0.4028385,0.4107805,0.4156352,0.4174069,0.4207479,0.4256579,0.4213637,0.4281449,0.4247804,0.422089,0.4216241,0.4206306,0.4187194,0.4193968,0.4199097,0.4197461,0.4220605,0.4214736,0.4214573,0.4226041,0.4226262,0.4196677,0.4163927,0.4102213,0.4008223,0.3923623,0.3820274,0.3713167,0.3616414,0.3527978,0.3440048,0.3371305,0.3302616,0.3237768,0.3186239,0.3122249,0.3056821,0.29996,0.2947607,0.289488,0.2860995,0.2852161,0.28772,0.2938738,0.3014208,0.3095578,0.3178184,0.325045,0.3296702,0.3332751,0.3358624,0.3401289,0.3494866,0.3624409,0.3787885,0.3979436,0.4176145,0.4343138,0.4522528,0.4719113,0.4947534,0.5204029,0.5445366,0.5640479,0.5775496,0.5829532,0.575841,0.5539261,0.5012344,0.4267512,0.3343623,0.231156,0.1256116,0.02472524,-0.06723656,-0.1484562,-0.2200644,-0.2845445,-0.333857,-0.375857,-0.4117437,-0.4416248,-0.4657428,-0.4846203,-0.4992723,-0.5105872,-0.5205899,-0.5280452,-0.5341415,-0.5394011,-0.543619,-0.5469078,-0.5496583,-0.5522493,-0.5542506,-0.5565245,-0.5586278,-0.5604722,-0.5625641,-0.5647231,-0.5668553,-0.569095,-0.5714589,-0.5736682,-0.5760649,-0.5784658,-0.5803073,-0.5822026,-0.5836858,-0.584723,-0.5854691,-0.5858781,-0.5855565,-0.5847641,-0.5826946,-0.5792705,-0.5751256,-0.5706835,-0.5667488,-0.5639183,-0.5621646,-0.5609355,-0.5602586,-0.5597038,-0.5592093,-0.5590087,-0.5586399,-0.558221,-0.5578642,-0.5573109,-0.5562882,-0.5550777,-0.5534947,-0.5513755,-0.5491001,-0.5464826,-0.5437869,-0.541379,-0.5387647,-0.5359796,-0.5331864,-0.5301731,-0.5268615,-0.5234171,-0.5188377,-0.5137683,-0.5076989,-0.5003731,-0.491262,-0.4805999,-0.4685073,-0.4550796,-0.4404927,-0.4243313,-0.4066424,-0.3876999,-0.3677291,-0.3459385,-0.3247636,-0.3061077,-0.290977,-0.2799425,-0.2724949,-0.2675623,-0.2652304,-0.2632526,-0.2628206,-0.2636295,-0.2659129,-0.2689717,-0.2730178,-0.2775469,-0.2833883,-0.2905277,-0.2973121,-0.3051739,-0.3133011,-0.3233773,-0.3323544,-0.3415237,-0.3501436,-0.3612303,-0.3720344,-0.3819078,-0.3916176,-0.4012915,-0.4106224,-0.4192482,-0.4277072,-0.4341723,-0.4441211,-0.4510668,-0.4551556,-0.4602185,-0.4656355,-0.4682138,-0.4686863,-0.4684295,-0.4689056,-0.471651,-0.4702913,-0.4649086,-0.4654478,-0.4605302,-0.4497194,-0.4469169,-0.4300568,-0.4251329,-0.419308,-0.4107887,-0.4006041,-0.3906189,-0.369821,-0.3293177,-0.3233353,-0.3103258,-0.2692784,-0.1782867,0.005960863,0.01238011,0.09899332,0.03093774,0.4649831,0.269538,0,0,0,0,0,0,0,0,0,0,0,0,0,0,0,0,0
